Age at enrollment,Gender,Course,Tuition fees up to date,Scholarship holder,Target,Dropout_Probability,Risk_Level,Dropout_Probability_%
43,1,9773,0,0,Dropout,0.9982677987524169,High Risk,99.83
42,1,9991,0,0,Dropout,0.9974712882143943,High Risk,99.75
32,1,9147,0,0,Dropout,0.9964868226410564,High Risk,99.65
31,1,9991,0,0,Dropout,0.9963328304556913,High Risk,99.63
35,1,9003,0,0,Dropout,0.9961096502686436,High Risk,99.61
38,1,9003,0,0,Dropout,0.9960457416790567,High Risk,99.6
33,1,9238,0,0,Dropout,0.995813844406019,High Risk,99.58
33,1,9119,0,0,Dropout,0.995618650356717,High Risk,99.56
34,1,9119,0,0,Dropout,0.9948368256655725,High Risk,99.48
38,1,9070,0,0,Dropout,0.9947991017491886,High Risk,99.48
36,1,9991,0,0,Dropout,0.9944564912177888,High Risk,99.45
29,1,9085,0,0,Dropout,0.9942374078472984,High Risk,99.42
31,1,9003,0,0,Dropout,0.9937854397244826,High Risk,99.38
44,1,9003,0,0,Dropout,0.9933533089104359,High Risk,99.34
33,1,9119,0,0,Dropout,0.9930051482077993,High Risk,99.3
26,1,9147,0,0,Dropout,0.992974722954762,High Risk,99.3
28,1,9670,0,0,Dropout,0.9928164779898011,High Risk,99.28
29,1,9991,0,0,Dropout,0.9928164690873486,High Risk,99.28
34,1,9254,0,0,Dropout,0.9928026792981663,High Risk,99.28
25,1,9003,0,0,Dropout,0.9926068880194283,High Risk,99.26
40,1,9991,0,0,Dropout,0.9925464874510933,High Risk,99.25
35,0,9003,0,0,Dropout,0.9923094855179914,High Risk,99.23
41,1,9130,0,0,Dropout,0.9921825283151112,High Risk,99.22
70,1,9147,0,0,Dropout,0.9920738161858098,High Risk,99.21
32,1,9003,0,0,Dropout,0.9914515358301724,High Risk,99.15
43,1,9991,0,0,Dropout,0.9913031684703083,High Risk,99.13
32,1,9147,0,0,Dropout,0.9912880804531508,High Risk,99.13
32,0,9500,0,0,Dropout,0.9912604811524122,High Risk,99.13
40,0,9500,0,0,Dropout,0.9911443297272452,High Risk,99.11
45,1,9991,0,0,Dropout,0.9909844301222883,High Risk,99.1
49,1,9991,0,0,Dropout,0.9908614736143294,High Risk,99.09
32,1,9991,0,0,Dropout,0.9906851608185593,High Risk,99.07
31,1,9991,0,0,Dropout,0.9904237864787792,High Risk,99.04
49,1,9147,0,0,Dropout,0.9903470181938652,High Risk,99.03
26,1,9147,0,0,Dropout,0.9903274147733906,High Risk,99.03
28,0,9254,0,0,Dropout,0.9903129792899764,High Risk,99.03
31,1,9254,0,0,Dropout,0.9900472367861425,High Risk,99.0
53,0,9773,0,0,Dropout,0.9898218389276827,High Risk,98.98
28,0,9003,0,0,Dropout,0.9898036674303486,High Risk,98.98
45,1,9254,0,0,Dropout,0.9897214724049078,High Risk,98.97
27,1,9991,0,0,Dropout,0.9897088709568111,High Risk,98.97
36,1,9254,0,0,Dropout,0.9895177246883468,High Risk,98.95
35,0,9085,0,0,Dropout,0.9891849017480019,High Risk,98.92
44,1,9670,0,0,Dropout,0.9891372124938481,High Risk,98.91
47,1,9991,0,0,Dropout,0.9882994918471278,High Risk,98.83
51,0,8014,0,0,Dropout,0.9881560152909585,High Risk,98.82
40,1,9670,0,0,Dropout,0.9880343595387537,High Risk,98.8
44,1,9003,0,0,Dropout,0.987981350823798,High Risk,98.8
28,1,9119,0,0,Dropout,0.9878543672130734,High Risk,98.79
55,1,9773,0,0,Dropout,0.9878007693030849,High Risk,98.78
32,0,9119,0,0,Dropout,0.9876695848128983,High Risk,98.77
34,1,9670,0,0,Dropout,0.98754022230554,High Risk,98.75
32,0,8014,0,0,Dropout,0.9873648580361738,High Risk,98.74
32,1,9238,0,0,Dropout,0.9871553130621926,High Risk,98.72
39,0,9991,0,0,Dropout,0.9871202733642331,High Risk,98.71
29,1,9003,0,0,Dropout,0.9870873406560008,High Risk,98.71
45,1,9119,0,0,Dropout,0.9870701682415055,High Risk,98.71
29,0,9147,0,0,Dropout,0.9868151770296311,High Risk,98.68
32,0,9991,0,0,Dropout,0.9864250657209638,High Risk,98.64
28,1,9991,0,0,Dropout,0.9864158607610739,High Risk,98.64
31,0,9991,0,0,Dropout,0.9860539552580224,High Risk,98.61
37,0,9500,0,0,Dropout,0.9857548598779329,High Risk,98.58
27,1,9991,0,0,Dropout,0.9856837719947285,High Risk,98.57
28,1,9130,0,0,Dropout,0.9855368596219182,High Risk,98.55
44,0,9238,0,0,Dropout,0.9855057210901922,High Risk,98.55
50,0,9556,0,0,Dropout,0.985347580252914,High Risk,98.53
38,0,9991,0,0,Dropout,0.9851985729475334,High Risk,98.52
29,1,9254,0,0,Dropout,0.984805322633964,High Risk,98.48
43,1,9003,0,0,Dropout,0.9847640663519105,High Risk,98.48
24,1,9254,0,0,Dropout,0.9839481732503226,High Risk,98.39
25,1,9991,0,0,Dropout,0.9836983755770503,High Risk,98.37
35,0,9147,0,0,Dropout,0.9835398723702515,High Risk,98.35
32,1,9003,0,0,Dropout,0.982918874324586,High Risk,98.29
37,0,9254,0,0,Dropout,0.9828386069254205,High Risk,98.28
47,1,9500,0,0,Dropout,0.9826022997915193,High Risk,98.26
26,0,9670,0,0,Dropout,0.9824924011766509,High Risk,98.25
26,1,9147,0,0,Dropout,0.9824324214017445,High Risk,98.24
40,0,9991,0,0,Dropout,0.9823705858825286,High Risk,98.24
28,1,9147,0,0,Dropout,0.9823553442459727,High Risk,98.24
29,1,9085,0,0,Dropout,0.9820638981243801,High Risk,98.21
34,1,9119,0,0,Dropout,0.9820197264723953,High Risk,98.2
25,1,9773,0,0,Dropout,0.9820146789253539,High Risk,98.2
38,0,9991,0,0,Dropout,0.9816119598241048,High Risk,98.16
42,0,9147,0,0,Dropout,0.9813757704650826,High Risk,98.14
42,1,9773,0,0,Dropout,0.9812152984587414,High Risk,98.12
28,0,9238,0,0,Dropout,0.9808533885475011,High Risk,98.09
57,1,9147,0,0,Dropout,0.9807255830083276,High Risk,98.07
27,1,9119,0,0,Dropout,0.9807185234813259,High Risk,98.07
20,1,9147,0,0,Dropout,0.9802465916656152,High Risk,98.02
33,1,8014,0,0,Dropout,0.9800953149335707,High Risk,98.01
32,1,9500,0,0,Dropout,0.9797267073050174,High Risk,97.97
29,1,9130,0,0,Dropout,0.9796372447352417,High Risk,97.96
50,1,8014,0,0,Dropout,0.9795309790711471,High Risk,97.95
35,1,9085,0,0,Dropout,0.9793192855331088,High Risk,97.93
28,1,9147,0,0,Dropout,0.9792646482702163,High Risk,97.93
27,1,9670,0,0,Dropout,0.9790274588862903,High Risk,97.9
50,1,9773,0,0,Dropout,0.9789265580298246,High Risk,97.89
41,1,9130,0,0,Dropout,0.9788930091888246,High Risk,97.89
34,0,9670,0,0,Dropout,0.9788536137834565,High Risk,97.89
27,0,9130,0,0,Dropout,0.9788369480247636,High Risk,97.88
19,0,9773,0,0,Dropout,0.978829012224047,High Risk,97.88
23,1,9500,0,0,Dropout,0.9785266097418076,High Risk,97.85
26,0,8014,0,0,Dropout,0.9784347571904034,High Risk,97.84
34,0,9147,0,0,Dropout,0.9783657366300758,High Risk,97.84
37,0,9991,0,0,Dropout,0.9780201345646399,High Risk,97.8
48,0,9991,0,0,Dropout,0.9777780270567537,High Risk,97.78
31,1,9670,0,0,Dropout,0.9775122236160912,High Risk,97.75
39,0,9147,0,0,Dropout,0.9774819812323001,High Risk,97.75
31,0,8014,0,0,Dropout,0.9769642572599807,High Risk,97.7
48,0,9003,0,0,Dropout,0.9767867865470008,High Risk,97.68
20,1,9147,0,0,Dropout,0.9767866366099356,High Risk,97.68
27,1,9003,0,0,Dropout,0.9767826825977867,High Risk,97.68
39,0,8014,0,0,Dropout,0.9762320294923768,High Risk,97.62
31,0,9991,0,0,Dropout,0.9761022572914636,High Risk,97.61
40,1,9119,0,0,Dropout,0.9760257996982842,High Risk,97.6
28,1,9003,0,0,Dropout,0.9760184638605892,High Risk,97.6
22,1,9254,0,0,Dropout,0.9760070804379466,High Risk,97.6
39,1,9991,0,0,Dropout,0.974832423871541,High Risk,97.48
26,1,9773,0,0,Dropout,0.9744547397528115,High Risk,97.45
55,1,9991,0,0,Dropout,0.9743517689190391,High Risk,97.44
20,0,9254,0,0,Dropout,0.9738188148456383,High Risk,97.38
28,0,9853,0,0,Dropout,0.9736531159474571,High Risk,97.37
25,1,9003,0,0,Dropout,0.9735082234261039,High Risk,97.35
26,1,9147,0,0,Dropout,0.9734322221860671,High Risk,97.34
35,1,9003,0,0,Dropout,0.9733017259855349,High Risk,97.33
39,0,9238,0,0,Dropout,0.9729301668114796,High Risk,97.29
21,1,9254,0,0,Dropout,0.9726108555502893,High Risk,97.26
22,0,9147,0,0,Dropout,0.9725101068981068,High Risk,97.25
32,1,9003,0,0,Dropout,0.9719855599153145,High Risk,97.2
26,1,9670,0,0,Dropout,0.9719176622212222,High Risk,97.19
23,1,9556,0,0,Dropout,0.9715804385446319,High Risk,97.16
25,1,9147,0,0,Dropout,0.970828106993182,High Risk,97.08
27,1,9085,0,0,Dropout,0.9707350247984742,High Risk,97.07
37,0,8014,0,0,Dropout,0.9704371697400007,High Risk,97.04
22,1,9991,0,0,Dropout,0.9697943695777463,High Risk,96.98
30,0,9853,0,0,Dropout,0.9693632721197604,High Risk,96.94
45,1,8014,0,0,Dropout,0.9691711951379914,High Risk,96.92
27,0,9003,0,0,Dropout,0.9685618520504332,High Risk,96.86
29,0,9853,0,0,Dropout,0.9683563480160865,High Risk,96.84
35,1,9670,0,0,Dropout,0.9677060026343328,High Risk,96.77
30,0,9119,0,0,Dropout,0.9675512607834024,High Risk,96.76
31,1,9085,0,0,Dropout,0.9674485813101252,High Risk,96.74
37,0,8014,0,0,Dropout,0.9674022865004258,High Risk,96.74
59,0,8014,0,0,Dropout,0.9665568587516418,High Risk,96.66
30,1,9070,0,0,Dropout,0.966349318972867,High Risk,96.63
31,1,9119,0,0,Dropout,0.9663298748273965,High Risk,96.63
25,0,9670,0,0,Dropout,0.9659146622643573,High Risk,96.59
41,0,8014,0,0,Dropout,0.9658983399888438,High Risk,96.59
23,1,9670,0,0,Dropout,0.9658523393638164,High Risk,96.59
38,1,9500,0,0,Dropout,0.9656974079963303,High Risk,96.57
29,1,8014,0,0,Dropout,0.9656234485799968,High Risk,96.56
25,0,9670,0,0,Dropout,0.9654773280633003,High Risk,96.55
33,1,9991,0,0,Dropout,0.9652921243097847,High Risk,96.53
19,0,9254,0,0,Dropout,0.965085234115684,High Risk,96.51
19,1,9670,0,0,Dropout,0.9650488617754227,High Risk,96.5
49,1,9991,0,0,Dropout,0.9649215781941883,High Risk,96.49
32,0,9556,0,0,Dropout,0.9647938834937845,High Risk,96.48
44,0,8014,0,0,Dropout,0.9646450660968021,High Risk,96.46
40,0,9003,0,0,Dropout,0.9641964938985175,High Risk,96.42
19,0,9238,0,0,Dropout,0.9639660170013633,High Risk,96.4
32,0,9853,0,0,Dropout,0.9638391614536711,High Risk,96.38
21,0,9085,0,0,Dropout,0.9637733531752245,High Risk,96.38
22,0,9130,0,0,Dropout,0.9635792219373157,High Risk,96.36
26,0,9991,0,0,Dropout,0.9634387427217265,High Risk,96.34
26,1,9991,0,0,Dropout,0.963422884163805,High Risk,96.34
34,0,8014,0,0,Dropout,0.963411168855631,High Risk,96.34
35,0,8014,0,0,Dropout,0.9627020583000786,High Risk,96.27
19,0,9238,0,0,Dropout,0.9623552070867903,High Risk,96.24
28,0,9853,0,0,Dropout,0.9614533217248548,High Risk,96.15
24,1,9147,0,0,Dropout,0.9613183955022527,High Risk,96.13
19,1,9147,0,0,Dropout,0.961156183684863,High Risk,96.12
36,1,9003,0,0,Dropout,0.9611465276935857,High Risk,96.11
34,1,9085,0,0,Dropout,0.9604494926949696,High Risk,96.04
22,1,9773,0,0,Dropout,0.9600811789785431,High Risk,96.01
24,0,8014,0,0,Dropout,0.9599471247035487,High Risk,95.99
27,0,9238,0,0,Dropout,0.9598272882999288,High Risk,95.98
20,0,9147,0,0,Dropout,0.9593998070676524,High Risk,95.94
28,0,9500,0,0,Dropout,0.9593188542294311,High Risk,95.93
29,0,9147,0,0,Dropout,0.9591845686080268,High Risk,95.92
21,0,9238,0,0,Dropout,0.9590775634216996,High Risk,95.91
20,1,9670,0,0,Dropout,0.9586843331536007,High Risk,95.87
25,1,9670,0,0,Dropout,0.9582487781058574,High Risk,95.82
19,0,9500,0,0,Dropout,0.9581718433467012,High Risk,95.82
20,0,9853,0,0,Dropout,0.9577794246652663,High Risk,95.78
46,1,9991,0,0,Dropout,0.9575959449348886,High Risk,95.76
29,0,9130,0,0,Dropout,0.9572978881326719,High Risk,95.73
21,0,9991,0,0,Dropout,0.9572501651041531,High Risk,95.73
28,1,9991,0,0,Dropout,0.9566388871385164,High Risk,95.66
19,0,9670,0,0,Dropout,0.9559569041738142,High Risk,95.6
40,1,9991,0,0,Dropout,0.9557959783539852,High Risk,95.58
31,1,9130,0,0,Dropout,0.9557098114766113,High Risk,95.57
20,0,9670,0,0,Dropout,0.9553227455284161,High Risk,95.53
35,1,33,0,0,Dropout,0.955263136438657,High Risk,95.53
19,1,9853,0,0,Dropout,0.9551816891471452,High Risk,95.52
25,1,171,0,0,Dropout,0.9548666315198293,High Risk,95.49
37,1,33,0,0,Dropout,0.954317751151147,High Risk,95.43
18,1,9254,0,0,Dropout,0.954122385417821,High Risk,95.41
23,1,9991,0,0,Dropout,0.9539106973789998,High Risk,95.39
32,1,9991,0,0,Dropout,0.9537669018510063,High Risk,95.38
21,0,171,0,0,Dropout,0.9537076039075513,High Risk,95.37
37,1,9500,0,0,Dropout,0.9534845917875192,High Risk,95.35
25,0,9147,0,0,Dropout,0.9531069200019456,High Risk,95.31
19,0,9853,0,0,Dropout,0.952835827157817,High Risk,95.28
51,1,9773,0,0,Dropout,0.952537164234367,High Risk,95.25
24,1,9119,0,0,Dropout,0.9524812397840808,High Risk,95.25
25,0,9130,0,0,Dropout,0.9522144017514065,High Risk,95.22
29,1,8014,0,0,Dropout,0.9517421490593156,High Risk,95.17
20,0,9147,0,0,Dropout,0.9516856440855087,High Risk,95.17
37,0,9991,0,0,Dropout,0.9516336420794688,High Risk,95.16
19,0,9773,0,0,Dropout,0.9515697939266129,High Risk,95.16
20,1,9670,0,0,Dropout,0.9512201142387258,High Risk,95.12
46,0,9500,0,0,Dropout,0.9500295998559569,High Risk,95.0
21,0,9773,0,0,Dropout,0.9500036139950364,High Risk,95.0
31,0,9500,0,0,Dropout,0.9496475294521054,High Risk,94.96
40,0,9991,0,0,Dropout,0.9495459528373585,High Risk,94.95
25,1,9147,0,0,Dropout,0.9495298223401778,High Risk,94.95
20,0,9085,0,0,Dropout,0.9492068214493109,High Risk,94.92
20,0,9853,0,0,Dropout,0.9484114567267785,High Risk,94.84
29,0,9003,0,0,Dropout,0.9474047493736873,High Risk,94.74
23,1,9147,0,0,Dropout,0.9473054073224526,High Risk,94.73
49,1,9119,0,0,Dropout,0.9469306164587352,High Risk,94.69
36,1,9500,0,0,Dropout,0.9469186208953362,High Risk,94.69
20,0,9853,0,0,Dropout,0.9467832282332729,High Risk,94.68
28,0,9085,0,0,Dropout,0.9463472547271108,High Risk,94.63
24,0,9853,0,0,Dropout,0.9462113503717114,High Risk,94.62
19,0,9670,0,0,Dropout,0.9461172143120671,High Risk,94.61
29,0,9991,0,0,Dropout,0.9457555830850993,High Risk,94.58
20,1,171,0,0,Dropout,0.9450935951224135,High Risk,94.51
24,0,9085,0,0,Dropout,0.9447448128189179,High Risk,94.47
53,1,9670,0,0,Dropout,0.9447263481623855,High Risk,94.47
19,0,9070,0,0,Dropout,0.9444449204028602,High Risk,94.44
35,1,8014,0,0,Graduate,0.9443802334067902,High Risk,94.44
29,0,9147,0,0,Dropout,0.9435668662719415,High Risk,94.36
28,1,9003,0,0,Dropout,0.9432028069845554,High Risk,94.32
19,1,9070,0,0,Dropout,0.9428895049212449,High Risk,94.29
41,1,9085,0,0,Dropout,0.9426674910123688,High Risk,94.27
20,0,9773,0,0,Dropout,0.9425951579637591,High Risk,94.26
21,1,9147,0,0,Dropout,0.9424692812479682,High Risk,94.25
29,1,9991,0,0,Dropout,0.9422969064483229,High Risk,94.23
26,1,9254,0,0,Dropout,0.9416486217349008,High Risk,94.16
19,0,9500,0,0,Dropout,0.9413932008034748,High Risk,94.14
54,0,9556,0,0,Dropout,0.9412306609847184,High Risk,94.12
25,1,9119,0,0,Dropout,0.9412196314710509,High Risk,94.12
43,0,9003,0,0,Dropout,0.9411671349930818,High Risk,94.12
19,0,9085,0,0,Dropout,0.9400376761794266,High Risk,94.0
22,1,9130,0,0,Dropout,0.9400041300681746,High Risk,94.0
37,0,8014,0,0,Dropout,0.9384435046466617,High Risk,93.84
31,1,9119,0,0,Dropout,0.9378427968807679,High Risk,93.78
28,0,8014,0,0,Dropout,0.9371724280357088,High Risk,93.72
20,1,9500,0,0,Dropout,0.9371694339095193,High Risk,93.72
30,0,9500,0,0,Dropout,0.9371183200631221,High Risk,93.71
19,1,9070,0,0,Dropout,0.9356744906862907,High Risk,93.57
50,0,8014,0,0,Dropout,0.9351497774221594,High Risk,93.51
42,0,9500,0,0,Dropout,0.934883999371496,High Risk,93.49
27,1,9003,0,0,Dropout,0.9344102646478455,High Risk,93.44
20,1,9254,0,0,Dropout,0.9340341259312411,High Risk,93.4
26,0,171,0,0,Dropout,0.9337819566131592,High Risk,93.38
20,1,9070,0,0,Dropout,0.9336256384168592,High Risk,93.36
19,0,9773,0,0,Dropout,0.932860286958997,High Risk,93.29
20,1,9773,0,0,Dropout,0.9316097534931979,High Risk,93.16
19,1,9773,0,0,Dropout,0.9314040804135161,High Risk,93.14
22,0,9085,0,0,Dropout,0.9294274110536377,High Risk,92.94
39,0,9500,0,0,Dropout,0.9293710385605494,High Risk,92.94
31,0,8014,0,0,Dropout,0.9291467356669674,High Risk,92.91
22,0,9254,0,0,Dropout,0.9288294922972229,High Risk,92.88
28,0,9853,0,0,Dropout,0.92668765472954,High Risk,92.67
21,0,9085,0,1,Dropout,0.9266820374068295,High Risk,92.67
32,0,9085,0,0,Dropout,0.9253789948813654,High Risk,92.54
22,0,9238,0,0,Dropout,0.9252059184953317,High Risk,92.52
19,0,9853,0,0,Dropout,0.9250128877181908,High Risk,92.5
22,1,171,0,0,Dropout,0.9248405068660505,High Risk,92.48
18,0,9670,0,0,Dropout,0.9243458814904215,High Risk,92.43
28,0,9003,0,0,Dropout,0.9238940569918301,High Risk,92.39
19,0,9254,0,0,Dropout,0.923374006726294,High Risk,92.34
21,0,9238,0,0,Dropout,0.9218224236757436,High Risk,92.18
20,0,9853,0,0,Dropout,0.9211288773799072,High Risk,92.11
24,1,9670,0,0,Dropout,0.9205977648031193,High Risk,92.06
20,0,9773,0,0,Dropout,0.9205737875880027,High Risk,92.06
21,1,9670,0,0,Dropout,0.9200837515095333,High Risk,92.01
21,0,9070,0,0,Dropout,0.9196309486569327,High Risk,91.96
21,1,9119,0,0,Dropout,0.9192899625653094,High Risk,91.93
21,0,9853,0,0,Dropout,0.9189855437056638,High Risk,91.9
23,0,9070,0,0,Dropout,0.9183666406894917,High Risk,91.84
27,0,9003,0,0,Dropout,0.9180445706480623,High Risk,91.8
26,0,8014,0,0,Dropout,0.9178739664431536,High Risk,91.79
18,0,9500,0,0,Dropout,0.9178288799275186,High Risk,91.78
19,0,171,0,0,Dropout,0.9172538378391946,High Risk,91.73
19,0,171,0,0,Dropout,0.9158415332008163,High Risk,91.58
19,1,9773,0,0,Dropout,0.9157189621243133,High Risk,91.57
26,0,9085,0,1,Dropout,0.91490238057837,High Risk,91.49
24,1,9003,0,0,Dropout,0.914893835116547,High Risk,91.49
26,0,9500,0,0,Dropout,0.9143726698203362,High Risk,91.44
27,1,9238,0,0,Dropout,0.9136833584420067,High Risk,91.37
29,0,9991,0,0,Dropout,0.9133944999852592,High Risk,91.34
18,0,9853,0,0,Dropout,0.9122765418428989,High Risk,91.23
28,1,9991,0,0,Dropout,0.911863887934478,High Risk,91.19
28,0,9254,0,1,Dropout,0.9117440941627748,High Risk,91.17
32,0,9085,0,0,Dropout,0.911378623898866,High Risk,91.14
24,1,9130,0,0,Dropout,0.9110974142820275,High Risk,91.11
27,1,9003,0,0,Dropout,0.911030555622915,High Risk,91.1
34,1,9003,0,0,Dropout,0.9106934501020517,High Risk,91.07
19,1,9147,0,0,Dropout,0.9092930527892412,High Risk,90.93
33,0,9853,0,0,Enrolled,0.9084569623455729,High Risk,90.85
23,0,8014,0,0,Dropout,0.9069778814296229,High Risk,90.7
22,1,9254,0,0,Dropout,0.9068394327190786,High Risk,90.68
38,1,9556,0,0,Dropout,0.90600363980579,High Risk,90.6
31,0,9147,1,0,Dropout,0.9058514463433041,High Risk,90.59
29,0,9003,0,0,Dropout,0.9043873492023707,High Risk,90.44
18,0,9773,0,0,Dropout,0.9036474155741172,High Risk,90.36
19,0,9500,0,0,Dropout,0.903549654366293,High Risk,90.35
27,0,9130,0,0,Dropout,0.9033388334071929,High Risk,90.33
20,0,9147,0,1,Dropout,0.9031358386152513,High Risk,90.31
19,1,9670,0,0,Dropout,0.9022791984076086,High Risk,90.23
20,1,9003,0,0,Dropout,0.9015426544791331,High Risk,90.15
21,1,171,0,0,Dropout,0.9008282076437564,High Risk,90.08
38,1,9991,0,0,Dropout,0.9007920970912917,High Risk,90.08
20,1,9085,0,0,Dropout,0.8985916657405568,High Risk,89.86
19,1,171,0,0,Dropout,0.8981024232289978,High Risk,89.81
24,0,9085,0,0,Dropout,0.8976352442974574,High Risk,89.76
20,1,9130,0,0,Dropout,0.8961413345553056,High Risk,89.61
23,0,171,0,1,Dropout,0.8959558516539722,High Risk,89.6
19,1,9773,0,0,Dropout,0.895638814814266,High Risk,89.56
30,1,9003,0,0,Dropout,0.8950628247030968,High Risk,89.51
22,0,9238,0,1,Dropout,0.8948055796376582,High Risk,89.48
23,1,9119,0,0,Dropout,0.8925939713166207,High Risk,89.26
22,0,9147,0,0,Dropout,0.8916800265391968,High Risk,89.17
18,0,9773,0,0,Dropout,0.8914646069097305,High Risk,89.15
22,0,9070,0,0,Dropout,0.8901642752432715,High Risk,89.02
23,0,9500,0,0,Dropout,0.8893848767051825,High Risk,88.94
30,1,9130,0,1,Dropout,0.8889428037603466,High Risk,88.89
25,0,8014,0,0,Graduate,0.8881281571578364,High Risk,88.81
20,0,9773,0,0,Dropout,0.8874934083176661,High Risk,88.75
20,1,171,0,0,Dropout,0.8872904545267956,High Risk,88.73
18,0,9773,0,0,Dropout,0.8871773771118883,High Risk,88.72
21,1,9773,0,0,Dropout,0.8869011124279176,High Risk,88.69
39,0,9500,0,1,Dropout,0.8868135534546424,High Risk,88.68
19,1,9147,0,0,Dropout,0.8860544917672061,High Risk,88.61
49,1,9003,0,0,Dropout,0.8852480951372312,High Risk,88.52
29,1,9147,0,0,Dropout,0.884932835645222,High Risk,88.49
39,0,9991,0,0,Dropout,0.884254451356107,High Risk,88.43
29,1,9003,0,0,Dropout,0.8831871528681536,High Risk,88.32
18,1,9254,0,0,Dropout,0.8829802488940517,High Risk,88.3
19,1,9070,0,0,Dropout,0.882575249651728,High Risk,88.26
22,1,9773,0,1,Dropout,0.8822171407025434,High Risk,88.22
25,1,33,0,0,Dropout,0.8812810956757728,High Risk,88.13
27,0,9238,0,0,Dropout,0.8802904911067326,High Risk,88.03
27,0,8014,1,0,Dropout,0.877837169082765,High Risk,87.78
29,1,8014,1,0,Dropout,0.8777497231837121,High Risk,87.77
18,0,8014,0,0,Dropout,0.8769904447237747,High Risk,87.7
23,1,9147,0,0,Dropout,0.8733982073396752,High Risk,87.34
37,1,9085,0,0,Dropout,0.872321079353964,High Risk,87.23
18,1,9130,0,0,Dropout,0.8710775319667593,High Risk,87.11
27,1,9003,0,0,Dropout,0.8707918865357754,High Risk,87.08
25,0,9085,1,0,Dropout,0.8707042915919238,High Risk,87.07
28,0,9085,0,1,Dropout,0.8696441213506009,High Risk,86.96
21,0,9238,0,0,Enrolled,0.8661851588578653,High Risk,86.62
38,1,9147,0,0,Dropout,0.8650062759306901,High Risk,86.5
19,1,9085,0,0,Dropout,0.8640656818327784,High Risk,86.41
18,0,9670,0,1,Dropout,0.8639317860045553,High Risk,86.39
19,1,171,0,0,Dropout,0.8638928610045694,High Risk,86.39
47,0,9238,1,0,Dropout,0.8631448348181526,High Risk,86.31
19,1,9238,0,0,Dropout,0.8630841563638046,High Risk,86.31
19,1,171,0,1,Dropout,0.8623005664347473,High Risk,86.23
25,1,9003,0,0,Dropout,0.8618544550522973,High Risk,86.19
22,0,9130,0,0,Dropout,0.8616969749390908,High Risk,86.17
20,0,9773,0,0,Dropout,0.8607244528429314,High Risk,86.07
38,0,9147,0,0,Dropout,0.8606993783258308,High Risk,86.07
21,1,9500,0,0,Dropout,0.8591879149300828,High Risk,85.92
18,0,9670,0,0,Dropout,0.8566255450724996,High Risk,85.66
26,1,9003,0,0,Dropout,0.8559867177661753,High Risk,85.6
18,1,171,0,0,Dropout,0.8559737597368463,High Risk,85.6
19,0,9130,0,0,Dropout,0.8555223072662557,High Risk,85.55
20,0,9254,0,0,Dropout,0.8552431916770266,High Risk,85.52
18,1,9119,0,0,Dropout,0.8541538812966696,High Risk,85.42
21,0,9130,0,0,Dropout,0.8537331077652165,High Risk,85.37
43,1,9119,1,0,Dropout,0.8534509992379242,High Risk,85.35
19,0,9670,0,1,Dropout,0.8532623276532931,High Risk,85.33
23,0,9130,0,0,Dropout,0.8525481645160723,High Risk,85.25
20,0,9853,0,0,Dropout,0.8522194313934647,High Risk,85.22
27,0,9773,0,0,Dropout,0.8521995168440887,High Risk,85.22
33,0,9500,0,0,Dropout,0.8507104756145627,High Risk,85.07
18,0,9085,0,0,Dropout,0.8505204095250517,High Risk,85.05
19,1,9670,0,0,Dropout,0.8496704010370622,High Risk,84.97
21,1,9070,0,0,Dropout,0.8484048037478525,High Risk,84.84
20,0,9254,0,0,Dropout,0.8476518323385832,High Risk,84.77
20,0,9853,0,1,Dropout,0.8474702016720653,High Risk,84.75
18,0,9254,0,0,Dropout,0.8458081758104988,High Risk,84.58
18,0,9238,0,0,Dropout,0.8446443737612875,High Risk,84.46
18,0,9500,0,0,Dropout,0.8442080117432458,High Risk,84.42
23,1,9119,0,0,Dropout,0.8436468886383826,High Risk,84.36
20,0,9085,0,0,Dropout,0.8433944585320389,High Risk,84.34
19,0,9500,0,0,Dropout,0.8426201027066857,High Risk,84.26
29,1,9130,1,0,Dropout,0.8411689976354738,High Risk,84.12
18,0,9773,0,0,Dropout,0.8410658131247629,High Risk,84.11
18,1,9254,0,0,Dropout,0.8409596909415549,High Risk,84.1
24,0,9147,0,0,Dropout,0.8352214993062096,High Risk,83.52
19,0,9773,0,0,Dropout,0.8350042691454451,High Risk,83.5
21,1,9003,0,0,Dropout,0.8349031271310527,High Risk,83.49
24,0,9147,1,0,Dropout,0.8344670977038328,High Risk,83.45
18,0,9773,0,0,Dropout,0.8314118820138959,High Risk,83.14
39,0,9853,1,0,Dropout,0.8304722617710794,High Risk,83.05
26,1,9147,1,0,Dropout,0.8298963715535584,High Risk,82.99
18,0,9254,0,0,Dropout,0.829343412156105,High Risk,82.93
19,0,9085,0,0,Enrolled,0.8288488265979962,High Risk,82.88
22,0,9238,0,0,Graduate,0.8288237708513541,High Risk,82.88
18,1,171,0,0,Dropout,0.8285948990634614,High Risk,82.86
26,1,9670,1,0,Dropout,0.8285249123700303,High Risk,82.85
20,1,9773,0,0,Dropout,0.8279536311089895,High Risk,82.8
26,1,9119,0,0,Dropout,0.8257930147823143,High Risk,82.58
25,0,9130,1,0,Dropout,0.8245474686268259,High Risk,82.45
53,0,9070,1,0,Dropout,0.8242832683069591,High Risk,82.43
20,1,9238,0,0,Dropout,0.8242631709021424,High Risk,82.43
19,1,9070,0,0,Dropout,0.8233479007409298,High Risk,82.33
18,0,9773,0,0,Dropout,0.8231949643074101,High Risk,82.32
26,1,8014,0,0,Dropout,0.822827350878015,High Risk,82.28
18,0,9070,0,1,Dropout,0.8227950192627864,High Risk,82.28
20,0,9130,0,0,Dropout,0.8215557918457872,High Risk,82.16
19,0,9773,0,0,Dropout,0.819424842265358,High Risk,81.94
18,0,9238,0,1,Dropout,0.8193307211406989,High Risk,81.93
26,0,9773,1,0,Dropout,0.8167911495943004,High Risk,81.68
18,0,9238,0,0,Dropout,0.8131907864564436,High Risk,81.32
24,1,9254,0,0,Dropout,0.8114836780661762,High Risk,81.15
35,1,9003,0,0,Dropout,0.810647590422387,High Risk,81.06
24,1,9119,1,0,Dropout,0.8106470253561658,High Risk,81.06
26,1,9147,0,0,Dropout,0.8091534884081953,High Risk,80.92
18,1,171,0,1,Dropout,0.808972241208718,High Risk,80.9
18,0,9773,0,0,Dropout,0.808385810525167,High Risk,80.84
31,0,8014,1,0,Dropout,0.8083109177640879,High Risk,80.83
20,0,9254,0,1,Dropout,0.8070455945936502,High Risk,80.7
23,1,9003,0,0,Dropout,0.8069187317453979,High Risk,80.69
30,1,9991,1,0,Dropout,0.8067529140989155,High Risk,80.68
33,1,9991,1,0,Dropout,0.8053236607122812,High Risk,80.53
38,1,171,1,0,Dropout,0.8052793242897436,High Risk,80.53
46,1,9070,0,1,Dropout,0.8050036139373254,High Risk,80.5
18,0,171,0,1,Dropout,0.8049668827801855,High Risk,80.5
18,0,9773,0,1,Dropout,0.8036294195837338,High Risk,80.36
26,1,9991,0,1,Dropout,0.803551528151761,High Risk,80.36
18,0,9670,0,0,Dropout,0.803518658979986,High Risk,80.35
19,1,9254,0,0,Dropout,0.798413738736575,High Risk,79.84
20,0,9254,0,0,Dropout,0.7975909818751978,High Risk,79.76
28,1,9130,1,0,Dropout,0.79707025861707,High Risk,79.71
31,0,9853,0,0,Dropout,0.7970608172718738,High Risk,79.71
20,0,9085,0,1,Dropout,0.796907382936971,High Risk,79.69
22,0,9991,0,0,Dropout,0.7962524363298583,High Risk,79.63
18,0,9070,0,0,Dropout,0.7920431107067359,High Risk,79.2
18,0,9500,0,0,Dropout,0.7887797205334593,High Risk,78.88
27,0,9003,0,0,Dropout,0.7880908406665813,High Risk,78.81
19,0,9130,0,0,Dropout,0.784685278311909,High Risk,78.47
21,0,9853,1,0,Dropout,0.7843093400809102,High Risk,78.43
18,0,9085,0,0,Dropout,0.7842404486644221,High Risk,78.42
19,0,9147,0,0,Dropout,0.7822261691729899,High Risk,78.22
24,0,9670,1,0,Dropout,0.7819200922348185,High Risk,78.19
26,0,9085,0,0,Dropout,0.7795297914386682,High Risk,77.95
54,0,8014,1,0,Dropout,0.7789662915685359,High Risk,77.9
37,1,8014,1,0,Dropout,0.778431804612592,High Risk,77.84
23,0,9238,0,0,Dropout,0.77807189711275,High Risk,77.81
25,0,9670,1,0,Dropout,0.7773584548666285,High Risk,77.74
28,0,9670,1,0,Dropout,0.7772847789589756,High Risk,77.73
35,1,9119,1,0,Dropout,0.7769071938265284,High Risk,77.69
20,0,9773,0,0,Dropout,0.7751618233528786,High Risk,77.52
19,0,9147,0,1,Dropout,0.7746171552815361,High Risk,77.46
29,1,9773,0,0,Enrolled,0.7735297249922125,High Risk,77.35
21,0,9853,1,0,Dropout,0.7730874471451076,High Risk,77.31
30,1,9670,1,0,Dropout,0.7718052570547174,High Risk,77.18
28,1,9773,1,0,Dropout,0.7688976533194967,High Risk,76.89
46,0,9991,1,0,Dropout,0.7677337525157002,High Risk,76.77
22,1,9003,0,0,Dropout,0.7665368145136325,High Risk,76.65
18,1,9670,0,0,Dropout,0.763624074034212,High Risk,76.36
37,0,9556,0,1,Dropout,0.7636135138417439,High Risk,76.36
26,0,8014,1,0,Dropout,0.7609573886044915,High Risk,76.1
45,0,8014,1,0,Dropout,0.7594895243240992,High Risk,75.95
48,0,8014,1,0,Dropout,0.7590254390523125,High Risk,75.9
18,0,171,0,0,Dropout,0.7581568049526347,High Risk,75.82
29,0,9130,1,0,Dropout,0.7536197888249057,High Risk,75.36
27,1,171,0,0,Dropout,0.7524102884246706,High Risk,75.24
18,1,9773,0,0,Dropout,0.7521170243340443,High Risk,75.21
26,1,9119,1,0,Dropout,0.7514594527346903,High Risk,75.15
18,0,9853,1,0,Dropout,0.7498756268489167,High Risk,74.99
18,0,9070,0,0,Enrolled,0.7496280916972651,High Risk,74.96
24,0,9254,0,0,Dropout,0.7489100027780491,High Risk,74.89
22,1,9130,0,0,Dropout,0.7477604984521675,High Risk,74.78
19,0,9070,0,0,Dropout,0.7462636214341626,High Risk,74.63
18,1,9773,0,0,Dropout,0.7417636161352564,High Risk,74.18
31,1,9130,1,0,Dropout,0.7416642673229124,High Risk,74.17
19,0,9500,0,0,Dropout,0.7400664994189445,High Risk,74.01
29,0,8014,1,0,Dropout,0.7400241491100086,High Risk,74.0
28,0,9500,1,0,Dropout,0.7399624984429154,High Risk,74.0
43,1,9556,1,0,Dropout,0.7380937347983736,High Risk,73.81
50,0,9991,1,0,Dropout,0.7375657587499728,High Risk,73.76
21,1,9254,0,0,Dropout,0.737172220119183,High Risk,73.72
24,1,9119,0,0,Dropout,0.7358629512086581,High Risk,73.59
45,0,9853,1,0,Dropout,0.7300479815751358,High Risk,73.0
29,1,9119,1,0,Dropout,0.7297745092494909,High Risk,72.98
37,1,9556,1,0,Dropout,0.729480483225957,High Risk,72.95
39,0,9991,1,0,Dropout,0.7292257038024339,High Risk,72.92
24,0,9556,0,1,Dropout,0.7290742703554013,High Risk,72.91
33,1,9119,1,0,Dropout,0.7280252561656637,High Risk,72.8
18,1,9773,0,1,Dropout,0.7256850583492173,High Risk,72.57
20,1,9119,0,0,Dropout,0.7255433768131188,High Risk,72.55
18,0,9773,0,0,Dropout,0.7251128257467107,High Risk,72.51
26,1,9670,1,0,Dropout,0.7214916521977223,High Risk,72.15
27,0,9773,1,0,Dropout,0.7187692979875131,High Risk,71.88
25,1,9085,1,0,Dropout,0.7186946922473499,High Risk,71.87
33,0,9853,1,0,Dropout,0.7185194230784822,High Risk,71.85
41,0,9853,1,0,Dropout,0.7173592014803274,High Risk,71.74
32,0,171,0,0,Dropout,0.7158914154114244,High Risk,71.59
20,0,9254,1,1,Dropout,0.7139712801211819,High Risk,71.4
37,1,8014,1,0,Dropout,0.7123416275217129,High Risk,71.23
18,1,9119,1,0,Dropout,0.7115272322746867,High Risk,71.15
18,0,171,0,0,Dropout,0.709978899559137,High Risk,71.0
36,0,9130,0,0,Dropout,0.7092856300042184,High Risk,70.93
25,1,9556,1,0,Dropout,0.7077213424077398,High Risk,70.77
24,1,9500,1,0,Dropout,0.7069188377198034,High Risk,70.69
24,1,9991,1,0,Dropout,0.7056767152704458,High Risk,70.57
32,0,9085,1,0,Dropout,0.705187036277044,High Risk,70.52
33,1,9991,1,0,Dropout,0.704472717870159,High Risk,70.45
29,1,9670,1,0,Dropout,0.7039069397528098,High Risk,70.39
18,1,9773,1,0,Dropout,0.702229971803949,High Risk,70.22
51,0,8014,1,0,Dropout,0.6999487129652279,Medium Risk,69.99
28,0,9670,1,0,Graduate,0.6997308607590403,Medium Risk,69.97
26,0,9085,1,0,Dropout,0.6985567509568785,Medium Risk,69.86
28,1,9500,1,0,Dropout,0.6973048449374295,Medium Risk,69.73
32,0,8014,1,0,Dropout,0.6967497401667482,Medium Risk,69.67
45,1,9991,1,0,Dropout,0.6960297460671443,Medium Risk,69.6
28,1,9500,1,0,Dropout,0.6948010114409574,Medium Risk,69.48
19,0,9070,0,1,Graduate,0.6946304437311688,Medium Risk,69.46
21,0,9853,1,1,Dropout,0.6933682364174881,Medium Risk,69.34
32,0,9070,1,0,Dropout,0.6929496273755076,Medium Risk,69.29
27,1,9254,1,0,Dropout,0.6911124119285025,Medium Risk,69.11
35,1,9130,1,0,Dropout,0.6911121287675308,Medium Risk,69.11
20,1,9853,1,0,Dropout,0.6900309926657276,Medium Risk,69.0
35,1,9991,1,0,Dropout,0.6900173048327557,Medium Risk,69.0
48,1,9130,1,0,Dropout,0.688448151344619,Medium Risk,68.84
23,1,9147,0,0,Dropout,0.6872296871252842,Medium Risk,68.72
38,1,8014,1,0,Dropout,0.6870477700501317,Medium Risk,68.7
30,1,9500,1,0,Dropout,0.686975327345135,Medium Risk,68.7
48,0,8014,1,0,Enrolled,0.68454051636102,Medium Risk,68.45
25,1,9773,1,0,Dropout,0.684230962411902,Medium Risk,68.42
29,0,9853,1,0,Dropout,0.6837294476706044,Medium Risk,68.37
31,1,9003,1,0,Dropout,0.6825260808641644,Medium Risk,68.25
28,1,9003,1,0,Dropout,0.6821190756493846,Medium Risk,68.21
31,1,8014,1,0,Graduate,0.681572437809018,Medium Risk,68.16
27,0,9500,1,0,Dropout,0.6804521416961695,Medium Risk,68.05
19,0,9085,1,1,Dropout,0.6804248650601454,Medium Risk,68.04
33,0,9853,1,0,Dropout,0.6802842116722152,Medium Risk,68.03
35,1,9254,1,0,Dropout,0.6796210777990555,Medium Risk,67.96
27,1,9500,1,0,Dropout,0.6792491084859472,Medium Risk,67.92
24,1,9119,1,0,Dropout,0.6780589661809128,Medium Risk,67.81
20,0,9238,0,1,Graduate,0.6775691399358783,Medium Risk,67.76
31,1,9003,1,0,Dropout,0.6746145539509355,Medium Risk,67.46
23,1,9070,1,0,Dropout,0.6739199287512501,Medium Risk,67.39
33,1,9991,1,0,Dropout,0.6719846317627749,Medium Risk,67.2
48,0,9238,1,0,Dropout,0.6706925065276524,Medium Risk,67.07
25,0,9254,1,0,Dropout,0.6700655816795718,Medium Risk,67.01
47,1,9085,1,0,Dropout,0.6698954279152673,Medium Risk,66.99
35,1,33,1,0,Dropout,0.6697688169861415,Medium Risk,66.98
22,1,9238,1,0,Dropout,0.668909356771857,Medium Risk,66.89
37,0,9500,1,0,Dropout,0.668374165765917,Medium Risk,66.84
34,0,9853,1,0,Dropout,0.667917263244672,Medium Risk,66.79
44,1,9130,1,0,Dropout,0.6666903869853831,Medium Risk,66.67
41,1,9991,1,0,Dropout,0.6663584307976319,Medium Risk,66.64
28,0,9991,1,0,Dropout,0.6661813269215157,Medium Risk,66.62
36,1,9119,1,0,Dropout,0.6660543362998457,Medium Risk,66.61
42,1,9238,1,0,Dropout,0.6642144385687222,Medium Risk,66.42
35,0,9119,1,0,Dropout,0.6638595234630915,Medium Risk,66.39
39,1,9991,1,0,Dropout,0.6637576050857007,Medium Risk,66.38
36,1,9500,1,0,Dropout,0.6636448663347757,Medium Risk,66.36
28,0,9853,1,0,Dropout,0.6603396735877478,Medium Risk,66.03
27,1,9991,1,0,Dropout,0.6599989626500581,Medium Risk,66.0
28,1,9070,1,0,Dropout,0.659955088873191,Medium Risk,66.0
22,1,9147,1,0,Dropout,0.6597380883160702,Medium Risk,65.97
25,1,9085,1,0,Dropout,0.6587564458524806,Medium Risk,65.88
35,1,9003,1,0,Dropout,0.6578968728206037,Medium Risk,65.79
30,1,9003,1,0,Dropout,0.6576661559886423,Medium Risk,65.77
34,0,9853,1,0,Dropout,0.6565356057363217,Medium Risk,65.65
42,1,9670,1,0,Dropout,0.6564779099475658,Medium Risk,65.65
20,1,9254,1,0,Dropout,0.656135715893605,Medium Risk,65.61
29,0,9991,1,0,Dropout,0.6560839520895922,Medium Risk,65.61
39,1,9991,1,0,Dropout,0.6560834570889501,Medium Risk,65.61
31,0,9085,1,0,Dropout,0.6559087598139574,Medium Risk,65.59
18,0,9085,1,1,Dropout,0.6556184135218567,Medium Risk,65.56
18,1,9119,1,0,Dropout,0.6551824524532496,Medium Risk,65.52
31,1,9991,1,0,Dropout,0.6551538480268718,Medium Risk,65.52
51,1,9991,1,0,Dropout,0.6551530520795138,Medium Risk,65.52
47,1,9070,1,0,Dropout,0.6551322934876311,Medium Risk,65.51
25,1,33,1,0,Dropout,0.654832167219927,Medium Risk,65.48
37,1,9130,1,0,Dropout,0.6539226835856201,Medium Risk,65.39
26,0,9147,1,0,Dropout,0.6531930460710945,Medium Risk,65.32
23,0,9003,0,0,Dropout,0.6515603160862292,Medium Risk,65.16
21,1,9070,1,0,Dropout,0.6505763475853142,Medium Risk,65.06
18,1,9147,0,0,Dropout,0.6505411385240283,Medium Risk,65.05
24,1,9085,1,0,Dropout,0.6504642230283749,Medium Risk,65.05
27,1,9085,1,0,Dropout,0.6503518940482536,Medium Risk,65.04
29,1,9003,1,0,Dropout,0.6502567237704379,Medium Risk,65.03
33,0,9500,1,0,Dropout,0.649923150386055,Medium Risk,64.99
30,1,9119,1,0,Dropout,0.6499178836796174,Medium Risk,64.99
36,1,9556,1,0,Dropout,0.6497704968840639,Medium Risk,64.98
31,1,9119,1,0,Dropout,0.6497006917430358,Medium Risk,64.97
31,0,9147,1,0,Dropout,0.6490659015566044,Medium Risk,64.91
50,1,8014,1,0,Dropout,0.648147161731119,Medium Risk,64.81
26,0,9085,1,0,Dropout,0.6478968764896246,Medium Risk,64.79
31,1,9556,1,0,Dropout,0.6467662435881708,Medium Risk,64.68
48,1,9254,1,0,Dropout,0.6462791806625275,Medium Risk,64.63
30,1,9991,1,0,Dropout,0.6452171966384566,Medium Risk,64.52
33,0,9130,1,0,Dropout,0.6449915746664111,Medium Risk,64.5
37,1,9991,1,0,Dropout,0.6443077103542397,Medium Risk,64.43
21,0,9254,0,1,Dropout,0.6429326521093258,Medium Risk,64.29
27,1,9119,1,0,Dropout,0.6429217248405557,Medium Risk,64.29
39,0,9556,1,0,Dropout,0.6424556622423678,Medium Risk,64.25
44,1,9991,1,0,Dropout,0.6409476807251446,Medium Risk,64.09
28,1,9147,1,0,Dropout,0.6407835052825686,Medium Risk,64.08
34,1,9991,1,0,Dropout,0.6399164700785455,Medium Risk,63.99
27,1,9500,1,0,Dropout,0.6387314492781859,Medium Risk,63.87
30,0,9003,1,0,Dropout,0.6385797966165353,Medium Risk,63.86
19,0,9130,1,1,Dropout,0.6385519896272771,Medium Risk,63.86
21,1,9085,0,0,Enrolled,0.638537996492019,Medium Risk,63.85
29,1,9991,1,0,Dropout,0.6384612563321992,Medium Risk,63.85
32,1,33,1,0,Dropout,0.6383301675419178,Medium Risk,63.83
18,1,171,0,1,Graduate,0.6374674572142273,Medium Risk,63.75
29,1,9670,1,0,Dropout,0.6373644659729243,Medium Risk,63.74
27,1,9991,1,0,Dropout,0.6366256313585454,Medium Risk,63.66
28,1,9991,1,0,Dropout,0.6355602398296053,Medium Risk,63.56
29,1,9003,1,0,Dropout,0.6348461812600249,Medium Risk,63.48
36,0,9500,1,0,Dropout,0.6340917916110266,Medium Risk,63.41
36,1,9147,1,0,Dropout,0.6340826216553314,Medium Risk,63.41
18,1,9147,1,1,Dropout,0.633853119155796,Medium Risk,63.39
27,1,9003,1,0,Dropout,0.6298327904714226,Medium Risk,62.98
35,0,9085,1,0,Dropout,0.6296232272907509,Medium Risk,62.96
19,1,9085,0,0,Dropout,0.6295757009862325,Medium Risk,62.96
27,1,171,1,0,Dropout,0.6272710087693519,Medium Risk,62.73
41,0,9238,1,0,Dropout,0.6262392288793642,Medium Risk,62.62
51,1,9085,1,0,Dropout,0.6259373167522863,Medium Risk,62.59
28,0,9500,1,0,Dropout,0.6258381074780606,Medium Risk,62.58
27,1,9147,1,0,Dropout,0.6250892065240868,Medium Risk,62.51
59,1,9991,1,0,Dropout,0.6247081756127052,Medium Risk,62.47
34,1,9119,1,0,Dropout,0.622609958037512,Medium Risk,62.26
50,0,8014,1,0,Dropout,0.622480167624603,Medium Risk,62.25
24,1,9147,1,0,Dropout,0.6217113910239696,Medium Risk,62.17
29,1,9147,1,0,Dropout,0.6216955221580172,Medium Risk,62.17
36,0,9991,1,0,Dropout,0.6205722406375388,Medium Risk,62.06
49,1,9991,1,0,Dropout,0.6202023483076852,Medium Risk,62.02
19,0,171,0,0,Dropout,0.6201172053014232,Medium Risk,62.01
24,0,9853,1,0,Dropout,0.6197216832891114,Medium Risk,61.97
29,1,9119,1,1,Dropout,0.6182581251466409,Medium Risk,61.83
24,1,8014,1,0,Dropout,0.6180636826771894,Medium Risk,61.81
34,0,9130,1,0,Dropout,0.6179195375591982,Medium Risk,61.79
36,0,9556,1,0,Dropout,0.6177812425734822,Medium Risk,61.78
50,1,9003,1,0,Dropout,0.6174730012103917,Medium Risk,61.75
29,1,9500,1,0,Dropout,0.615506955080222,Medium Risk,61.55
34,1,9254,1,0,Dropout,0.6147423300184643,Medium Risk,61.47
35,1,9003,1,0,Dropout,0.6130945148923844,Medium Risk,61.31
29,0,9500,1,0,Dropout,0.6130919277796603,Medium Risk,61.31
24,1,9130,1,0,Dropout,0.612205607066188,Medium Risk,61.22
20,1,9254,1,0,Dropout,0.6114813070449117,Medium Risk,61.15
18,0,9670,0,0,Dropout,0.6111568917814509,Medium Risk,61.12
19,1,9773,1,0,Dropout,0.6110846481140153,Medium Risk,61.11
58,1,9003,1,0,Dropout,0.6106051672151084,Medium Risk,61.06
34,0,9085,1,0,Dropout,0.6103302103491427,Medium Risk,61.03
33,1,171,1,1,Dropout,0.6093195877614704,Medium Risk,60.93
25,0,9853,0,0,Graduate,0.6091076335389629,Medium Risk,60.91
26,1,9003,1,0,Dropout,0.6084160466570279,Medium Risk,60.84
26,0,171,1,0,Dropout,0.6080816394632008,Medium Risk,60.81
23,1,9085,1,0,Dropout,0.6080781740954538,Medium Risk,60.81
38,0,8014,1,0,Dropout,0.6076497108077002,Medium Risk,60.76
25,1,9991,1,0,Dropout,0.6075153310857944,Medium Risk,60.75
29,0,9085,1,0,Dropout,0.6064888313799413,Medium Risk,60.65
31,1,9119,1,0,Dropout,0.6056026939228277,Medium Risk,60.56
43,1,9773,1,0,Dropout,0.6052843917511064,Medium Risk,60.53
35,1,9991,1,0,Dropout,0.6051706197172888,Medium Risk,60.52
38,1,9991,1,0,Dropout,0.6040311224367418,Medium Risk,60.4
38,0,9254,1,0,Dropout,0.6034360006853448,Medium Risk,60.34
36,1,9500,1,0,Dropout,0.6027578812466196,Medium Risk,60.28
19,0,9238,0,1,Graduate,0.6024577293071017,Medium Risk,60.25
24,0,9556,1,0,Dropout,0.6024339490219462,Medium Risk,60.24
23,0,9773,1,0,Dropout,0.6011457030515802,Medium Risk,60.11
35,1,9991,1,0,Dropout,0.601145109851224,Medium Risk,60.11
36,0,9254,1,1,Dropout,0.6009644294392412,Medium Risk,60.1
30,1,9119,1,0,Enrolled,0.6000130214937144,Medium Risk,60.0
24,1,9556,1,0,Dropout,0.5996858930594958,Medium Risk,59.97
27,0,9853,1,0,Graduate,0.5992821704934135,Medium Risk,59.93
47,1,9773,1,0,Dropout,0.5988780905894792,Medium Risk,59.89
26,1,9119,1,0,Dropout,0.5985398042873693,Medium Risk,59.85
25,1,9119,1,0,Dropout,0.5974682900284112,Medium Risk,59.75
54,1,9254,1,0,Dropout,0.5970479208647558,Medium Risk,59.7
29,1,9003,1,0,Dropout,0.5969734563714941,Medium Risk,59.7
35,0,9147,1,0,Dropout,0.5963963859664235,Medium Risk,59.64
39,0,9500,1,0,Dropout,0.5959542153162607,Medium Risk,59.6
30,1,9119,1,0,Dropout,0.5956538507009322,Medium Risk,59.57
24,1,9003,1,0,Enrolled,0.5954657050599724,Medium Risk,59.55
25,1,9147,1,0,Dropout,0.59465727088328,Medium Risk,59.47
28,1,9991,1,0,Dropout,0.5942593756919055,Medium Risk,59.43
24,1,9991,1,0,Dropout,0.5936781336312679,Medium Risk,59.37
18,0,9773,0,0,Graduate,0.5926337412379709,Medium Risk,59.26
31,0,9500,1,0,Dropout,0.5918653978381804,Medium Risk,59.19
34,0,9991,1,0,Dropout,0.5911327374497203,Medium Risk,59.11
42,1,9991,1,1,Dropout,0.591020161503869,Medium Risk,59.1
35,1,9500,1,0,Dropout,0.5893328237937656,Medium Risk,58.93
30,1,9670,1,1,Dropout,0.5887410200832361,Medium Risk,58.87
20,0,9773,0,1,Graduate,0.5885290074716011,Medium Risk,58.85
33,1,9238,1,0,Dropout,0.5882590008280809,Medium Risk,58.83
24,0,9670,1,0,Dropout,0.5876818326820938,Medium Risk,58.77
61,1,9147,1,0,Dropout,0.587445536770567,Medium Risk,58.74
26,1,9556,1,0,Dropout,0.5874231649944552,Medium Risk,58.74
20,1,9773,1,0,Dropout,0.5872499590109174,Medium Risk,58.72
23,0,9853,1,0,Dropout,0.5872411814045644,Medium Risk,58.72
25,1,171,1,1,Dropout,0.5869766327760177,Medium Risk,58.7
27,1,9991,1,0,Dropout,0.5868770804910302,Medium Risk,58.69
30,0,8014,1,0,Dropout,0.5866543845747176,Medium Risk,58.67
45,0,9254,1,0,Dropout,0.5864271075631772,Medium Risk,58.64
28,0,9853,1,0,Dropout,0.5862194642587342,Medium Risk,58.62
29,0,9500,1,0,Dropout,0.585929560244965,Medium Risk,58.59
23,0,9130,0,0,Enrolled,0.5856644218950221,Medium Risk,58.57
34,1,9085,1,0,Dropout,0.5855482823846245,Medium Risk,58.55
28,1,9991,1,0,Dropout,0.5851281796700716,Medium Risk,58.51
25,1,171,1,0,Dropout,0.584303396638935,Medium Risk,58.43
31,0,9853,1,0,Dropout,0.5839655258261133,Medium Risk,58.4
22,1,9991,1,0,Dropout,0.5837547719908455,Medium Risk,58.38
45,1,8014,1,0,Dropout,0.5837144671389706,Medium Risk,58.37
26,1,9085,1,0,Dropout,0.5834375226902302,Medium Risk,58.34
28,1,9991,1,0,Dropout,0.5828184928914624,Medium Risk,58.28
27,0,9147,1,0,Graduate,0.5823066871314867,Medium Risk,58.23
47,1,9773,1,0,Dropout,0.5819397040473174,Medium Risk,58.19
31,1,9130,1,0,Dropout,0.5818807646468074,Medium Risk,58.19
43,0,9500,1,0,Dropout,0.5817836418625169,Medium Risk,58.18
26,0,9085,1,0,Dropout,0.5815912083292092,Medium Risk,58.16
27,1,9119,0,0,Enrolled,0.5814736101125537,Medium Risk,58.15
27,0,9991,1,0,Dropout,0.5813209987417013,Medium Risk,58.13
19,1,171,0,0,Graduate,0.5811111359872171,Medium Risk,58.11
24,1,9130,1,0,Dropout,0.5809571881082067,Medium Risk,58.1
24,1,171,1,0,Dropout,0.5808679604123664,Medium Risk,58.09
30,1,9119,1,0,Dropout,0.5806311293162486,Medium Risk,58.06
28,0,9085,1,0,Dropout,0.5802848439690116,Medium Risk,58.03
47,1,8014,1,0,Dropout,0.5789844538543284,Medium Risk,57.9
29,1,9670,1,1,Dropout,0.5779781262217495,Medium Risk,57.8
24,1,9003,1,0,Dropout,0.577940977266035,Medium Risk,57.79
28,1,9070,1,0,Dropout,0.5774382106033933,Medium Risk,57.74
18,0,9070,1,0,Dropout,0.5772901289958338,Medium Risk,57.73
24,1,9500,1,0,Dropout,0.5761551374832051,Medium Risk,57.62
28,1,9130,1,0,Dropout,0.575872829881053,Medium Risk,57.59
26,0,9500,1,0,Dropout,0.5757373966773645,Medium Risk,57.57
39,1,9003,1,0,Dropout,0.5751783995850623,Medium Risk,57.52
44,1,9500,1,0,Dropout,0.5747170682751852,Medium Risk,57.47
33,0,9991,1,0,Dropout,0.5730710183540539,Medium Risk,57.31
25,1,9003,1,0,Dropout,0.5729242134563117,Medium Risk,57.29
47,0,9147,1,0,Dropout,0.5729240690013901,Medium Risk,57.29
36,1,9670,1,0,Dropout,0.5723972035937476,Medium Risk,57.24
36,1,9500,1,0,Dropout,0.571266086584841,Medium Risk,57.13
28,1,9238,1,0,Dropout,0.5710119659566606,Medium Risk,57.1
35,1,33,1,0,Dropout,0.5709669390780769,Medium Risk,57.1
30,1,9119,1,1,Dropout,0.5706820542363648,Medium Risk,57.07
34,0,9991,1,0,Dropout,0.5685947883867885,Medium Risk,56.86
18,0,9773,1,0,Dropout,0.5684486738243065,Medium Risk,56.84
40,1,9119,1,0,Dropout,0.568111399142586,Medium Risk,56.81
46,1,9119,1,0,Dropout,0.5661491405996358,Medium Risk,56.61
18,1,9130,1,0,Dropout,0.5658442235966603,Medium Risk,56.58
32,0,9085,1,0,Dropout,0.565476993289915,Medium Risk,56.55
24,1,9500,1,0,Graduate,0.5647176973096967,Medium Risk,56.47
38,0,9991,1,0,Dropout,0.564297848732997,Medium Risk,56.43
35,1,9670,1,0,Dropout,0.5640303205119642,Medium Risk,56.4
40,1,9991,1,0,Dropout,0.5639819137412372,Medium Risk,56.4
30,0,9147,1,0,Dropout,0.5638280939235568,Medium Risk,56.38
33,0,9147,1,0,Dropout,0.5633776023158644,Medium Risk,56.34
32,0,9147,0,0,Graduate,0.5633462976393339,Medium Risk,56.33
27,0,9500,1,0,Dropout,0.5629030331009002,Medium Risk,56.29
29,1,9130,1,0,Dropout,0.562894455088904,Medium Risk,56.29
32,0,9003,1,0,Dropout,0.5618289888850279,Medium Risk,56.18
34,0,9119,1,0,Dropout,0.56169323545789,Medium Risk,56.17
41,0,8014,1,0,Graduate,0.5613151870866754,Medium Risk,56.13
27,1,9670,1,0,Dropout,0.5609585448774655,Medium Risk,56.1
35,1,9670,1,0,Dropout,0.560748151290014,Medium Risk,56.07
19,1,9254,1,0,Dropout,0.5601394789459835,Medium Risk,56.01
30,0,9085,1,0,Dropout,0.5590727134766412,Medium Risk,55.91
21,0,9085,0,0,Dropout,0.558634945064027,Medium Risk,55.86
25,1,9003,1,0,Dropout,0.5582286769207576,Medium Risk,55.82
34,1,9119,1,0,Dropout,0.558158819369416,Medium Risk,55.82
39,0,9500,1,0,Enrolled,0.5578254853892258,Medium Risk,55.78
27,1,9773,1,0,Dropout,0.5577679235549876,Medium Risk,55.78
28,1,9085,1,0,Dropout,0.5576587459379562,Medium Risk,55.77
19,1,9254,1,1,Dropout,0.5568332668540407,Medium Risk,55.68
18,0,9070,0,0,Graduate,0.5568252700691756,Medium Risk,55.68
44,0,9003,1,0,Dropout,0.5567052770789104,Medium Risk,55.67
24,1,9130,1,0,Dropout,0.5567002672083937,Medium Risk,55.67
45,0,9853,1,0,Dropout,0.5563278262859402,Medium Risk,55.63
22,1,9147,1,0,Dropout,0.5563184806889687,Medium Risk,55.63
38,0,9500,1,0,Dropout,0.5562669339556559,Medium Risk,55.63
25,1,9130,1,0,Dropout,0.5561643907571343,Medium Risk,55.62
31,0,9556,1,0,Graduate,0.555980113604364,Medium Risk,55.6
22,1,9130,1,0,Dropout,0.5559245839168666,Medium Risk,55.59
20,1,9130,1,0,Dropout,0.5549001125165879,Medium Risk,55.49
21,0,9130,1,1,Dropout,0.5546298603989036,Medium Risk,55.46
23,1,9003,1,0,Dropout,0.554507387406611,Medium Risk,55.45
25,0,9147,1,0,Dropout,0.5542435137182427,Medium Risk,55.42
33,1,9147,1,0,Dropout,0.5536178026834081,Medium Risk,55.36
18,0,9773,1,0,Dropout,0.5533693565938979,Medium Risk,55.34
22,1,9003,1,0,Dropout,0.5524764035213547,Medium Risk,55.25
29,0,9500,1,0,Graduate,0.5519624562701744,Medium Risk,55.2
19,1,171,1,0,Dropout,0.5516964911957102,Medium Risk,55.17
29,0,9085,1,0,Dropout,0.5510837951902884,Medium Risk,55.11
37,0,9130,1,0,Dropout,0.5510473810694642,Medium Risk,55.1
19,1,9254,1,0,Dropout,0.5503970520893342,Medium Risk,55.04
29,0,9556,1,0,Dropout,0.5502656359789796,Medium Risk,55.03
41,1,9991,1,0,Dropout,0.5498488546785111,Medium Risk,54.98
27,0,9991,1,0,Dropout,0.5492354463150767,Medium Risk,54.92
18,1,9773,1,0,Dropout,0.5490781374121065,Medium Risk,54.91
24,0,8014,1,0,Dropout,0.5485136844722459,Medium Risk,54.85
24,0,9085,1,0,Dropout,0.5467272568532402,Medium Risk,54.67
27,1,9991,1,0,Enrolled,0.5460663797775707,Medium Risk,54.61
24,1,9500,1,0,Dropout,0.5459921537253358,Medium Risk,54.6
32,1,9991,1,0,Dropout,0.5455525492915183,Medium Risk,54.56
18,0,9853,1,0,Dropout,0.5455438603303107,Medium Risk,54.55
36,0,9500,1,0,Dropout,0.5450341785071688,Medium Risk,54.5
19,1,9119,1,0,Dropout,0.5444408131567262,Medium Risk,54.44
46,0,9670,1,0,Dropout,0.5440968569392057,Medium Risk,54.41
24,1,9991,1,0,Dropout,0.5439966571982133,Medium Risk,54.4
43,1,9147,1,0,Dropout,0.5436448198446552,Medium Risk,54.36
37,1,9991,1,1,Dropout,0.5435825308831485,Medium Risk,54.36
27,1,9670,1,0,Graduate,0.542537127616791,Medium Risk,54.25
24,1,8014,1,0,Dropout,0.5413741359020431,Medium Risk,54.14
40,1,9238,1,1,Dropout,0.5398848525252563,Medium Risk,53.99
27,0,8014,1,0,Dropout,0.5398645868897946,Medium Risk,53.99
34,1,8014,1,0,Dropout,0.5395290205457847,Medium Risk,53.95
25,1,9070,1,0,Dropout,0.5390323472709545,Medium Risk,53.9
43,1,9556,1,0,Dropout,0.538549212627898,Medium Risk,53.85
27,0,9130,1,0,Dropout,0.5379373850309278,Medium Risk,53.79
27,0,9853,1,0,Dropout,0.5379151460069308,Medium Risk,53.79
32,0,9556,1,0,Dropout,0.5376146383237236,Medium Risk,53.76
36,1,171,1,0,Dropout,0.5373352233404384,Medium Risk,53.73
30,1,9147,1,0,Dropout,0.5371732732969472,Medium Risk,53.72
19,0,9238,1,0,Dropout,0.5370872280249775,Medium Risk,53.71
30,0,9500,1,0,Dropout,0.5370803919809777,Medium Risk,53.71
33,0,9991,1,0,Dropout,0.5369763168247365,Medium Risk,53.7
32,1,9991,1,0,Dropout,0.5367978567026599,Medium Risk,53.68
26,1,9003,1,0,Dropout,0.5362530181288929,Medium Risk,53.63
27,0,9238,1,0,Dropout,0.5359601624016177,Medium Risk,53.6
33,1,9085,1,0,Graduate,0.5354037070763316,Medium Risk,53.54
31,1,9991,1,0,Dropout,0.5353408828134022,Medium Risk,53.53
27,0,9991,1,0,Dropout,0.5349187615566592,Medium Risk,53.49
34,1,9500,1,0,Enrolled,0.5346899021764662,Medium Risk,53.47
45,0,9254,1,1,Dropout,0.5346710238884463,Medium Risk,53.47
32,1,9991,1,0,Dropout,0.5330386698859001,Medium Risk,53.3
40,1,9991,1,0,Dropout,0.5330015916931944,Medium Risk,53.3
25,0,9991,1,0,Dropout,0.5328503443983547,Medium Risk,53.29
30,1,9003,1,0,Graduate,0.5326535472069159,Medium Risk,53.27
20,1,9853,1,0,Dropout,0.5310609961521826,Medium Risk,53.11
26,1,171,1,0,Dropout,0.5308657944132026,Medium Risk,53.09
28,1,9500,1,0,Graduate,0.5296920112726211,Medium Risk,52.97
20,0,9853,1,0,Dropout,0.5292644413465779,Medium Risk,52.93
27,1,9003,1,0,Graduate,0.5289783900407947,Medium Risk,52.9
23,1,9070,1,0,Dropout,0.5272443430915525,Medium Risk,52.72
25,0,9147,1,0,Dropout,0.5271176355139572,Medium Risk,52.71
32,0,9500,1,0,Dropout,0.5270085920342774,Medium Risk,52.7
25,0,9147,1,0,Dropout,0.5265093889966256,Medium Risk,52.65
45,1,8014,1,0,Graduate,0.5262765528206015,Medium Risk,52.63
25,1,9003,1,0,Dropout,0.5262307695469667,Medium Risk,52.62
28,0,9991,1,0,Dropout,0.5261501514236547,Medium Risk,52.62
27,1,9500,1,0,Dropout,0.5258952370448856,Medium Risk,52.59
24,0,9500,1,0,Graduate,0.5256358485950612,Medium Risk,52.56
25,1,9070,1,1,Dropout,0.5255184145729354,Medium Risk,52.55
34,0,171,1,0,Dropout,0.5253104485495458,Medium Risk,52.53
31,0,9147,1,0,Dropout,0.5251017491158755,Medium Risk,52.51
24,0,8014,1,0,Dropout,0.5249031291441653,Medium Risk,52.49
27,1,9991,1,0,Graduate,0.5248710152270559,Medium Risk,52.49
18,1,9773,1,1,Dropout,0.524255012504051,Medium Risk,52.43
24,0,9147,1,0,Dropout,0.5238704661317388,Medium Risk,52.39
39,0,9500,1,0,Dropout,0.5236451157047062,Medium Risk,52.36
45,0,9147,1,0,Graduate,0.52300898099018,Medium Risk,52.3
19,0,9254,1,0,Dropout,0.5223221916278583,Medium Risk,52.23
20,0,9670,1,0,Dropout,0.5202163247155335,Medium Risk,52.02
24,1,9003,1,0,Dropout,0.5191774010558303,Medium Risk,51.92
25,1,9991,1,0,Dropout,0.5190931755234115,Medium Risk,51.91
20,1,9254,1,1,Dropout,0.5178601346433727,Medium Risk,51.79
20,0,9853,1,0,Dropout,0.517770320093342,Medium Risk,51.78
49,1,9147,1,0,Dropout,0.5175156682213455,Medium Risk,51.75
18,1,9670,1,0,Dropout,0.5168569200469644,Medium Risk,51.69
38,0,8014,1,0,Dropout,0.5165621548543672,Medium Risk,51.66
18,0,9130,1,0,Dropout,0.5164980314266329,Medium Risk,51.65
18,1,9147,1,0,Dropout,0.5162379023441944,Medium Risk,51.62
18,1,171,1,1,Dropout,0.5159009977220017,Medium Risk,51.59
30,0,9500,1,0,Graduate,0.515796653314071,Medium Risk,51.58
29,0,9991,1,0,Dropout,0.5143626013707082,Medium Risk,51.44
26,0,9500,1,1,Dropout,0.5133640467285848,Medium Risk,51.34
40,0,9238,1,0,Dropout,0.5128877769948929,Medium Risk,51.29
35,1,9003,1,0,Dropout,0.5115034885588491,Medium Risk,51.15
38,0,9991,1,0,Dropout,0.5110839175557573,Medium Risk,51.11
19,0,9238,1,0,Dropout,0.5102790986317254,Medium Risk,51.03
24,0,9500,1,0,Graduate,0.5102076487707964,Medium Risk,51.02
19,0,9070,1,1,Dropout,0.510191623545325,Medium Risk,51.02
18,0,9853,1,0,Dropout,0.5101853992189712,Medium Risk,51.02
33,1,9500,1,0,Enrolled,0.5095188416373134,Medium Risk,50.95
28,0,9670,1,0,Dropout,0.5093913807389338,Medium Risk,50.94
35,0,9853,1,0,Dropout,0.5085862579612263,Medium Risk,50.86
30,0,9991,1,0,Dropout,0.5082471823677485,Medium Risk,50.82
20,1,9670,1,0,Dropout,0.5080169714673166,Medium Risk,50.8
36,0,9238,1,0,Graduate,0.5075189953594694,Medium Risk,50.75
32,1,9670,1,0,Dropout,0.5066984778428668,Medium Risk,50.67
21,1,9147,1,0,Dropout,0.5066594553455283,Medium Risk,50.67
18,0,9853,1,0,Dropout,0.5061109271069594,Medium Risk,50.61
23,1,9119,1,0,Dropout,0.5057753891262036,Medium Risk,50.58
26,0,9500,1,0,Dropout,0.5048797740243188,Medium Risk,50.49
30,1,9147,1,0,Dropout,0.5045676633367117,Medium Risk,50.46
28,0,9991,1,0,Dropout,0.5044223024105148,Medium Risk,50.44
27,1,9003,1,0,Graduate,0.5040054785657546,Medium Risk,50.4
26,1,9500,1,0,Dropout,0.5040005601515305,Medium Risk,50.4
24,0,8014,1,0,Dropout,0.5034940327814776,Medium Risk,50.35
23,0,8014,1,0,Dropout,0.5033268637468071,Medium Risk,50.33
27,1,9991,1,0,Graduate,0.5031902415922784,Medium Risk,50.32
35,1,9003,1,0,Graduate,0.5028069116088275,Medium Risk,50.28
29,0,9085,1,0,Dropout,0.5026853014901734,Medium Risk,50.27
32,0,9500,1,0,Dropout,0.5017250056802053,Medium Risk,50.17
20,1,9670,0,0,Enrolled,0.5005851225562676,Medium Risk,50.06
20,0,9500,1,1,Dropout,0.5001893852997941,Medium Risk,50.02
21,1,9070,1,0,Dropout,0.49930406320126336,Medium Risk,49.93
30,0,8014,1,0,Dropout,0.499249788246313,Medium Risk,49.92
21,1,171,1,1,Dropout,0.4988812660498004,Medium Risk,49.89
31,0,9670,1,0,Dropout,0.4985910818996502,Medium Risk,49.86
18,0,9670,0,0,Graduate,0.49856923844907003,Medium Risk,49.86
20,0,171,1,0,Dropout,0.498153902130314,Medium Risk,49.82
20,1,9119,1,0,Dropout,0.4981306021849155,Medium Risk,49.81
20,1,9147,1,0,Dropout,0.4979430974133001,Medium Risk,49.79
26,0,9147,1,0,Dropout,0.49786447613305956,Medium Risk,49.79
20,0,9991,1,0,Dropout,0.49760962912058393,Medium Risk,49.76
31,0,9991,1,0,Dropout,0.49750595602362846,Medium Risk,49.75
26,0,9991,1,0,Dropout,0.4971337778096525,Medium Risk,49.71
44,1,9991,1,0,Dropout,0.49697519844426785,Medium Risk,49.7
21,1,9147,1,0,Dropout,0.496772212988208,Medium Risk,49.68
19,0,9773,1,1,Dropout,0.4950851439394676,Medium Risk,49.51
25,1,9670,1,0,Graduate,0.49490490316697805,Medium Risk,49.49
21,0,9085,1,0,Dropout,0.4939315437447389,Medium Risk,49.39
27,0,9500,1,0,Graduate,0.49351509955390954,Medium Risk,49.35
24,1,9670,1,0,Dropout,0.4933740768940473,Medium Risk,49.34
25,0,9003,1,0,Dropout,0.4923779185793456,Medium Risk,49.24
25,1,9003,1,0,Dropout,0.49161544393574147,Medium Risk,49.16
36,0,9556,1,1,Dropout,0.4914142687573841,Medium Risk,49.14
22,0,9773,1,1,Dropout,0.4913541485481995,Medium Risk,49.14
20,1,9670,1,0,Dropout,0.49131075601115776,Medium Risk,49.13
37,1,171,1,0,Dropout,0.49090670507902606,Medium Risk,49.09
18,1,9119,1,0,Enrolled,0.49085600179650063,Medium Risk,49.09
21,0,9130,1,1,Dropout,0.49013395997966086,Medium Risk,49.01
34,0,8014,1,0,Dropout,0.49011567753302415,Medium Risk,49.01
29,1,9003,1,0,Graduate,0.4899045982204158,Medium Risk,48.99
21,0,9238,1,0,Dropout,0.4898751095377215,Medium Risk,48.99
33,0,8014,1,0,Graduate,0.4890769688613612,Medium Risk,48.91
20,1,9119,1,0,Dropout,0.48894044278451326,Medium Risk,48.89
19,1,9991,1,0,Dropout,0.48875321032382874,Medium Risk,48.88
39,0,9254,1,0,Dropout,0.4886536814094842,Medium Risk,48.87
22,1,9119,1,1,Dropout,0.48852270784849444,Medium Risk,48.85
19,1,171,1,0,Dropout,0.48845422309408143,Medium Risk,48.85
27,0,8014,1,0,Dropout,0.4881021193214047,Medium Risk,48.81
26,0,9991,1,0,Dropout,0.48809382155060077,Medium Risk,48.81
18,1,9254,1,0,Dropout,0.48805293652793275,Medium Risk,48.81
27,0,8014,1,0,Dropout,0.48788215526721973,Medium Risk,48.79
34,0,9147,1,0,Dropout,0.4875775014380877,Medium Risk,48.76
18,0,9556,1,0,Dropout,0.48719074306549814,Medium Risk,48.72
40,1,9853,1,0,Graduate,0.4868942796565886,Medium Risk,48.69
27,1,9991,1,0,Graduate,0.4858808449226506,Medium Risk,48.59
27,1,9991,1,0,Dropout,0.4857685060827436,Medium Risk,48.58
23,0,9853,1,0,Dropout,0.48430001318026283,Medium Risk,48.43
31,1,9003,1,0,Graduate,0.4842041852694387,Medium Risk,48.42
41,1,9991,1,0,Dropout,0.4840963664278039,Medium Risk,48.41
39,0,9003,1,0,Enrolled,0.48373002616231475,Medium Risk,48.37
24,0,9130,1,0,Dropout,0.4833627226343082,Medium Risk,48.34
31,0,9991,1,0,Graduate,0.4833521516779812,Medium Risk,48.34
27,0,8014,1,1,Dropout,0.4829122958738795,Medium Risk,48.29
18,1,9119,0,0,Enrolled,0.4828927632484582,Medium Risk,48.29
34,1,9130,1,0,Dropout,0.4825005931776784,Medium Risk,48.25
19,0,171,1,0,Dropout,0.48203438907245033,Medium Risk,48.2
19,1,9119,1,0,Dropout,0.48193974147979257,Medium Risk,48.19
27,0,9085,1,0,Dropout,0.48141598975322974,Medium Risk,48.14
21,0,9853,1,0,Dropout,0.4808764274731788,Medium Risk,48.09
18,0,9773,1,0,Dropout,0.4799878137968,Medium Risk,48.0
30,1,9991,1,0,Graduate,0.4793201023651332,Medium Risk,47.93
19,1,171,1,0,Dropout,0.4793192263107584,Medium Risk,47.93
22,1,9147,1,0,Dropout,0.47919554607315756,Medium Risk,47.92
18,0,171,1,0,Dropout,0.4790884971513125,Medium Risk,47.91
32,1,9991,1,0,Dropout,0.4786885306329044,Medium Risk,47.87
50,1,9991,1,0,Graduate,0.4786752936780702,Medium Risk,47.87
50,0,9147,1,0,Enrolled,0.4781160970732684,Medium Risk,47.81
25,1,9556,1,1,Dropout,0.47784011675064353,Medium Risk,47.78
34,0,9773,1,0,Graduate,0.47685551504202495,Medium Risk,47.69
18,1,9773,1,0,Dropout,0.47673600291195206,Medium Risk,47.67
23,1,9003,1,0,Dropout,0.47603432016066466,Medium Risk,47.6
34,0,9003,0,0,Enrolled,0.4758651405398888,Medium Risk,47.59
39,1,9254,1,0,Graduate,0.475684929003197,Medium Risk,47.57
25,1,9003,1,0,Dropout,0.4751929775419867,Medium Risk,47.52
18,0,9238,0,0,Graduate,0.47478952602158386,Medium Risk,47.48
27,1,9003,1,0,Graduate,0.47462815462904184,Medium Risk,47.46
37,1,9238,1,0,Graduate,0.4744334560292237,Medium Risk,47.44
21,0,9853,1,0,Dropout,0.4742072365754108,Medium Risk,47.42
21,0,9853,1,0,Dropout,0.4741232650738899,Medium Risk,47.41
18,0,9670,1,1,Dropout,0.4739127473236675,Medium Risk,47.39
24,0,9254,1,0,Dropout,0.47388640754276296,Medium Risk,47.39
20,1,9773,1,0,Dropout,0.4736405952525637,Medium Risk,47.36
30,0,9238,1,0,Graduate,0.47347020549097807,Medium Risk,47.35
30,0,9130,1,1,Dropout,0.4733190663074796,Medium Risk,47.33
21,0,9853,1,0,Dropout,0.4731059510103713,Medium Risk,47.31
19,0,9853,1,0,Dropout,0.47302112367302346,Medium Risk,47.3
20,1,9147,1,0,Dropout,0.47251795199998414,Medium Risk,47.25
19,0,9238,1,0,Dropout,0.4719048539282164,Medium Risk,47.19
23,0,9147,1,0,Dropout,0.47189743950238006,Medium Risk,47.19
36,0,8014,1,0,Dropout,0.471460322554508,Medium Risk,47.15
18,1,9500,1,1,Dropout,0.47120237322442754,Medium Risk,47.12
35,0,9670,1,0,Enrolled,0.47110370070238067,Medium Risk,47.11
21,1,9254,1,0,Dropout,0.47091262918907584,Medium Risk,47.09
30,1,9254,1,0,Dropout,0.47001388232070723,Medium Risk,47.0
24,1,9119,1,0,Dropout,0.4693907210528156,Medium Risk,46.94
22,0,9853,1,0,Dropout,0.4686004870824182,Medium Risk,46.86
43,1,9003,1,0,Enrolled,0.46856469866726935,Medium Risk,46.86
18,1,171,0,0,Enrolled,0.4683994667843901,Medium Risk,46.84
24,0,8014,1,0,Graduate,0.46774977468345974,Medium Risk,46.77
21,0,9853,1,0,Dropout,0.46764184259116764,Medium Risk,46.76
18,1,9119,1,1,Dropout,0.4669322487480977,Medium Risk,46.69
22,1,9147,1,0,Dropout,0.4667968930533916,Medium Risk,46.68
19,0,9853,1,0,Dropout,0.46646818334383405,Medium Risk,46.65
31,0,9003,1,0,Graduate,0.4652511299615188,Medium Risk,46.53
18,1,9147,1,1,Dropout,0.46492819283384795,Medium Risk,46.49
22,1,9238,1,0,Dropout,0.46488271882093524,Medium Risk,46.49
20,1,171,1,0,Dropout,0.46474349377940843,Medium Risk,46.47
36,0,9500,1,0,Graduate,0.4644673201709532,Medium Risk,46.45
37,0,8014,1,0,Dropout,0.4644230683295189,Medium Risk,46.44
24,0,9991,1,0,Dropout,0.4642994727095086,Medium Risk,46.43
28,0,9991,1,0,Graduate,0.46285191403933124,Medium Risk,46.29
32,1,9500,1,0,Graduate,0.4628517589582841,Medium Risk,46.29
18,0,171,1,1,Dropout,0.462532208195142,Medium Risk,46.25
38,0,9991,1,0,Dropout,0.4624605180682644,Medium Risk,46.25
20,0,9130,1,0,Dropout,0.46220028165021404,Medium Risk,46.22
21,0,9853,1,0,Dropout,0.4616738170453209,Medium Risk,46.17
27,1,9119,1,0,Dropout,0.46141481866733647,Medium Risk,46.14
23,0,9147,1,0,Dropout,0.4612235186476776,Medium Risk,46.12
19,1,9773,1,0,Dropout,0.46080141974768196,Medium Risk,46.08
26,1,9254,1,0,Dropout,0.46056114230840184,Medium Risk,46.06
23,0,9853,1,0,Dropout,0.4602741222573312,Medium Risk,46.03
22,1,9003,1,0,Dropout,0.4601445893644909,Medium Risk,46.01
21,1,9119,1,0,Dropout,0.4600966182495383,Medium Risk,46.01
19,1,9238,1,0,Dropout,0.45986954781042566,Medium Risk,45.99
24,0,9147,1,0,Graduate,0.45978152323930105,Medium Risk,45.98
38,0,9238,1,0,Graduate,0.459668483989614,Medium Risk,45.97
22,1,171,1,0,Dropout,0.45939565926894216,Medium Risk,45.94
19,1,9119,1,0,Dropout,0.4593799028312071,Medium Risk,45.94
21,0,9254,1,0,Dropout,0.45913346722755344,Medium Risk,45.91
33,1,9991,1,0,Graduate,0.459070014486822,Medium Risk,45.91
29,1,9991,1,0,Graduate,0.4588026109669217,Medium Risk,45.88
21,0,9991,1,0,Dropout,0.45780131654158956,Medium Risk,45.78
18,0,9670,1,0,Dropout,0.4575790487110571,Medium Risk,45.76
24,0,9085,1,0,Dropout,0.45748933102194395,Medium Risk,45.75
18,1,9119,1,0,Dropout,0.4571873809635822,Medium Risk,45.72
28,0,9991,1,0,Graduate,0.4568076161142989,Medium Risk,45.68
20,0,9853,1,0,Dropout,0.45602021113822483,Medium Risk,45.6
28,1,9119,1,0,Enrolled,0.4558310456737629,Medium Risk,45.58
21,1,9670,1,0,Dropout,0.45578614340005363,Medium Risk,45.58
34,0,9991,1,0,Dropout,0.4557787478121469,Medium Risk,45.58
18,1,9119,1,1,Dropout,0.4555715733688196,Medium Risk,45.56
25,1,9119,1,0,Enrolled,0.45507132155439295,Medium Risk,45.51
18,0,9853,1,0,Dropout,0.454952491865477,Medium Risk,45.5
33,0,8014,1,0,Graduate,0.45481059155010933,Medium Risk,45.48
20,1,9130,1,0,Dropout,0.4544314216003468,Medium Risk,45.44
46,0,9147,1,0,Graduate,0.45428237127424775,Medium Risk,45.43
19,1,9147,1,0,Dropout,0.453813381272498,Medium Risk,45.38
21,1,171,1,0,Dropout,0.4532440525699249,Medium Risk,45.32
20,0,171,1,0,Dropout,0.4525182011301958,Medium Risk,45.25
22,0,9670,1,0,Dropout,0.45243484086406033,Medium Risk,45.24
25,1,9500,1,0,Graduate,0.4523177026956196,Medium Risk,45.23
21,0,171,1,0,Dropout,0.45170264872361465,Medium Risk,45.17
21,1,9773,1,0,Dropout,0.45109355238387233,Medium Risk,45.11
35,0,9147,1,0,Enrolled,0.45069320883605907,Medium Risk,45.07
27,1,9003,1,0,Graduate,0.4501239812226598,Medium Risk,45.01
41,0,8014,1,0,Graduate,0.4499448657192314,Medium Risk,44.99
39,0,9773,1,0,Graduate,0.44948185270204744,Medium Risk,44.95
18,1,171,1,0,Dropout,0.44896119210714486,Medium Risk,44.9
19,1,9254,1,0,Dropout,0.448770756025221,Medium Risk,44.88
18,0,9853,1,0,Enrolled,0.44773273720674345,Medium Risk,44.77
31,0,9556,1,0,Dropout,0.44735362683140273,Medium Risk,44.74
39,1,9119,1,0,Dropout,0.4470536385151524,Medium Risk,44.71
25,0,9500,1,0,Graduate,0.4462986470052234,Medium Risk,44.63
33,1,9991,1,0,Graduate,0.4458987120976202,Medium Risk,44.59
43,0,8014,1,1,Dropout,0.44512292751567994,Medium Risk,44.51
30,0,9991,1,0,Dropout,0.4449719389878043,Medium Risk,44.5
22,1,9670,1,0,Dropout,0.4448913593852422,Medium Risk,44.49
18,0,9853,1,0,Dropout,0.4443751782359692,Medium Risk,44.44
26,0,9991,1,1,Dropout,0.4439749579759399,Medium Risk,44.4
22,0,9773,1,0,Dropout,0.4433829706397635,Medium Risk,44.34
23,1,9500,1,0,Dropout,0.443366563376464,Medium Risk,44.34
41,0,9991,1,0,Graduate,0.44312081712769263,Medium Risk,44.31
18,1,9670,1,0,Dropout,0.4429990696118623,Medium Risk,44.3
24,0,9147,1,0,Enrolled,0.4420890934540824,Medium Risk,44.21
26,0,9085,0,0,Enrolled,0.4420401157515918,Medium Risk,44.2
21,0,9085,1,0,Dropout,0.44201486482202734,Medium Risk,44.2
18,1,9147,1,0,Dropout,0.44186163688899244,Medium Risk,44.19
23,0,171,1,0,Dropout,0.44172172877931964,Medium Risk,44.17
24,1,9119,1,0,Enrolled,0.44166036162509414,Medium Risk,44.17
31,0,9238,1,0,Enrolled,0.44111576179281975,Medium Risk,44.11
45,1,9147,1,0,Graduate,0.4405495853699316,Medium Risk,44.05
21,1,9147,1,0,Dropout,0.44039625053752024,Medium Risk,44.04
31,1,9991,1,0,Dropout,0.4403457600031883,Medium Risk,44.03
18,0,9500,1,0,Dropout,0.44033421434880454,Medium Risk,44.03
19,0,171,1,1,Dropout,0.4403127839741942,Medium Risk,44.03
19,0,9853,1,0,Dropout,0.4402040025296411,Medium Risk,44.02
18,1,9130,1,0,Dropout,0.4397159285944592,Medium Risk,43.97
22,1,9238,1,0,Dropout,0.43970811136944454,Medium Risk,43.97
26,0,9085,1,0,Enrolled,0.4394808728194911,Medium Risk,43.95
20,1,9070,1,0,Dropout,0.43920455757454246,Medium Risk,43.92
18,1,9238,1,0,Dropout,0.4391734752398659,Medium Risk,43.92
32,1,9003,1,0,Graduate,0.439070983451295,Medium Risk,43.91
24,0,9991,1,0,Dropout,0.4387792166065947,Medium Risk,43.88
33,1,9254,1,0,Graduate,0.438428728700825,Medium Risk,43.84
27,1,9119,1,0,Dropout,0.4376803141629737,Medium Risk,43.77
19,1,9254,1,0,Dropout,0.43754094395561627,Medium Risk,43.75
19,0,171,0,0,Graduate,0.4375160897023973,Medium Risk,43.75
25,1,9085,0,0,Enrolled,0.43714678820184866,Medium Risk,43.71
24,1,9670,1,0,Dropout,0.4371203789387936,Medium Risk,43.71
20,1,9147,1,0,Dropout,0.43638548906845087,Medium Risk,43.64
49,1,9003,1,0,Graduate,0.4363800167806023,Medium Risk,43.64
19,1,171,1,0,Dropout,0.4363795176726744,Medium Risk,43.64
21,0,9254,1,0,Dropout,0.4361976467880316,Medium Risk,43.62
24,0,9500,1,0,Graduate,0.43617738052097976,Medium Risk,43.62
25,1,9147,1,0,Enrolled,0.43612534008554277,Medium Risk,43.61
38,1,9991,1,0,Enrolled,0.4355290982035903,Medium Risk,43.55
30,0,9500,1,1,Dropout,0.43530664903294636,Medium Risk,43.53
36,1,9254,1,0,Graduate,0.4352687661624842,Medium Risk,43.53
20,1,9085,1,0,Dropout,0.4352584363151304,Medium Risk,43.53
21,1,171,1,0,Dropout,0.43520697911310285,Medium Risk,43.52
18,0,8014,1,0,Dropout,0.43474689294632696,Medium Risk,43.47
35,0,9147,1,0,Dropout,0.43385056164218533,Medium Risk,43.39
22,0,9085,1,0,Dropout,0.4338246756965684,Medium Risk,43.38
19,1,9119,1,1,Dropout,0.4338213541484227,Medium Risk,43.38
18,1,9670,1,1,Dropout,0.43370454181953344,Medium Risk,43.37
24,0,9254,1,0,Dropout,0.4336636953862932,Medium Risk,43.37
43,1,9500,1,0,Enrolled,0.43349657235704875,Medium Risk,43.35
19,0,9238,1,1,Dropout,0.43345776002431635,Medium Risk,43.35
25,1,9991,1,0,Dropout,0.43320601368989325,Medium Risk,43.32
24,1,9991,1,0,Enrolled,0.43316970333769705,Medium Risk,43.32
60,0,9003,1,0,Graduate,0.432431799118527,Medium Risk,43.24
20,1,9119,1,0,Dropout,0.4323976961190089,Medium Risk,43.24
32,0,9085,1,0,Dropout,0.4319981685627124,Medium Risk,43.2
19,0,8014,1,1,Dropout,0.4309015540518156,Medium Risk,43.09
18,0,9238,1,0,Graduate,0.43073366697704013,Medium Risk,43.07
20,1,9147,1,0,Dropout,0.43027269970442145,Medium Risk,43.03
19,0,9853,1,0,Dropout,0.43003851223388245,Medium Risk,43.0
25,1,9003,1,0,Dropout,0.4299973370825057,Medium Risk,43.0
18,1,9130,1,0,Dropout,0.42928675486425594,Medium Risk,42.93
19,1,9853,1,0,Dropout,0.42921074636306866,Medium Risk,42.92
30,0,9670,1,0,Dropout,0.42906336950512075,Medium Risk,42.91
19,1,9556,1,0,Dropout,0.42895046730824793,Medium Risk,42.9
19,1,9773,1,0,Dropout,0.4284031940836479,Medium Risk,42.84
23,1,9085,1,0,Dropout,0.428245968839754,Medium Risk,42.82
22,1,9003,1,0,Dropout,0.42822936109775195,Medium Risk,42.82
19,0,9147,1,0,Dropout,0.42813350161901714,Medium Risk,42.81
18,1,9085,1,1,Dropout,0.42812138080236667,Medium Risk,42.81
52,1,9991,1,0,Graduate,0.42799782257696506,Medium Risk,42.8
19,0,9853,1,0,Dropout,0.4279213545324438,Medium Risk,42.79
20,1,9500,1,1,Dropout,0.42755801919091274,Medium Risk,42.76
18,0,9853,1,0,Dropout,0.42736496392167217,Medium Risk,42.74
18,1,9500,1,0,Dropout,0.4260787977096339,Medium Risk,42.61
18,1,9130,1,0,Dropout,0.4259565026148506,Medium Risk,42.6
20,1,171,1,0,Dropout,0.4249135339517002,Medium Risk,42.49
18,0,9853,1,0,Dropout,0.4236993453149015,Medium Risk,42.37
19,1,171,1,0,Dropout,0.42342436446765735,Medium Risk,42.34
34,1,9003,1,0,Graduate,0.4227989258250369,Medium Risk,42.28
22,0,9853,0,0,Enrolled,0.4227678505281713,Medium Risk,42.28
22,1,9147,1,0,Dropout,0.4220775145035931,Medium Risk,42.21
27,0,9500,1,0,Graduate,0.4213542905943445,Medium Risk,42.14
25,1,9991,1,0,Enrolled,0.4210717977160767,Medium Risk,42.11
20,0,9003,0,0,Graduate,0.42101937255167554,Medium Risk,42.1
24,0,9991,1,0,Dropout,0.42053577215570437,Medium Risk,42.05
52,1,9773,1,0,Graduate,0.4199832603651206,Medium Risk,42.0
34,0,33,1,0,Dropout,0.4195136498942978,Medium Risk,41.95
21,1,9070,1,0,Dropout,0.41868250320677075,Medium Risk,41.87
55,0,9147,1,0,Dropout,0.41866264440473655,Medium Risk,41.87
20,1,9119,1,0,Dropout,0.41865430266847814,Medium Risk,41.87
19,0,9853,1,0,Dropout,0.4185474666726882,Medium Risk,41.85
19,0,9500,1,0,Dropout,0.4184373197938626,Medium Risk,41.84
32,0,8014,1,0,Graduate,0.4181322153954115,Medium Risk,41.81
21,1,9085,1,0,Graduate,0.4173901188881268,Medium Risk,41.74
30,1,9991,1,0,Graduate,0.4169800751157668,Medium Risk,41.7
22,1,9085,1,1,Dropout,0.41682547741357723,Medium Risk,41.68
24,0,9556,1,0,Graduate,0.41648808691857386,Medium Risk,41.65
20,0,9670,1,0,Dropout,0.4163112980204901,Medium Risk,41.63
30,0,8014,1,0,Graduate,0.41580285125683947,Medium Risk,41.58
20,1,9119,1,0,Dropout,0.41547064767284037,Medium Risk,41.55
41,1,8014,1,0,Graduate,0.41539233738734077,Medium Risk,41.54
20,1,9254,1,0,Dropout,0.4153165794627516,Medium Risk,41.53
24,1,9003,1,0,Dropout,0.4146238272712725,Medium Risk,41.46
47,1,9238,1,0,Graduate,0.4145582789180205,Medium Risk,41.46
22,0,9147,1,0,Dropout,0.41383057437998094,Medium Risk,41.38
41,0,9500,1,0,Dropout,0.41376691480707,Medium Risk,41.38
18,0,9254,1,0,Dropout,0.4134636300933735,Medium Risk,41.35
21,0,9147,1,0,Dropout,0.4125749172036912,Medium Risk,41.26
45,1,9991,1,0,Graduate,0.4124638561251012,Medium Risk,41.25
22,1,9238,1,0,Dropout,0.41237966649158475,Medium Risk,41.24
19,0,9500,1,0,Dropout,0.4122367540986823,Medium Risk,41.22
20,0,9238,1,0,Dropout,0.41175927443496113,Medium Risk,41.18
28,1,9003,1,0,Graduate,0.41152106835382096,Medium Risk,41.15
20,0,9853,1,0,Enrolled,0.41090828570329324,Medium Risk,41.09
25,1,9254,1,0,Enrolled,0.4103933452424671,Medium Risk,41.04
36,1,9773,1,0,Graduate,0.4101895619005681,Medium Risk,41.02
24,0,9070,1,0,Graduate,0.41005975168615455,Medium Risk,41.01
53,1,9254,1,0,Graduate,0.4098145385340941,Medium Risk,40.98
20,1,9147,1,0,Enrolled,0.4096233096221982,Medium Risk,40.96
26,1,9147,1,0,Enrolled,0.4095126948467028,Medium Risk,40.95
18,0,9238,1,0,Dropout,0.4082954425120196,Medium Risk,40.83
18,1,9147,1,0,Dropout,0.4081456565230845,Medium Risk,40.81
47,1,9991,1,0,Enrolled,0.4073260902899008,Medium Risk,40.73
18,1,9254,1,0,Dropout,0.4072693448131666,Medium Risk,40.73
21,1,9147,1,0,Dropout,0.40700624497741,Medium Risk,40.7
20,1,9070,1,0,Dropout,0.40666355015842165,Medium Risk,40.67
19,0,9130,1,0,Dropout,0.40631621686180663,Medium Risk,40.63
24,0,9085,1,0,Graduate,0.40530464377860853,Medium Risk,40.53
27,0,9991,1,0,Dropout,0.40527112496595036,Medium Risk,40.53
28,1,9003,1,0,Graduate,0.40492741521191866,Medium Risk,40.49
21,1,9119,1,0,Dropout,0.4047810063870914,Medium Risk,40.48
29,1,8014,1,0,Graduate,0.40468074143699706,Medium Risk,40.47
18,0,9130,1,0,Dropout,0.4046229846217394,Medium Risk,40.46
27,0,9085,1,0,Enrolled,0.404523837901921,Medium Risk,40.45
22,1,9147,0,0,Enrolled,0.40408727884156637,Medium Risk,40.41
19,1,9130,1,0,Dropout,0.40391884067974465,Medium Risk,40.39
18,1,9147,1,0,Dropout,0.4038090873813465,Medium Risk,40.38
22,1,9147,1,0,Dropout,0.4037651449888634,Medium Risk,40.38
20,1,9773,1,0,Dropout,0.4037295893899171,Medium Risk,40.37
22,1,171,1,0,Dropout,0.4035887064014403,Medium Risk,40.36
21,0,9773,0,0,Graduate,0.4032531443412064,Medium Risk,40.33
37,1,9500,1,0,Graduate,0.4031267786555164,Medium Risk,40.31
32,1,9003,1,0,Graduate,0.403091738376806,Medium Risk,40.31
20,0,9853,1,0,Dropout,0.40292233194604715,Medium Risk,40.29
19,0,9773,1,1,Dropout,0.40287901973429957,Medium Risk,40.29
34,0,8014,1,0,Graduate,0.4026832187415071,Medium Risk,40.27
43,1,9991,1,0,Graduate,0.4022296913893099,Medium Risk,40.22
20,1,9085,0,0,Enrolled,0.402169053307347,Medium Risk,40.22
20,1,9670,1,0,Dropout,0.40101392884916465,Medium Risk,40.1
18,1,9070,1,0,Dropout,0.4007217452347844,Medium Risk,40.07
43,1,9003,1,0,Graduate,0.40050476483568265,Medium Risk,40.05
19,1,9119,1,0,Dropout,0.40045824233124205,Medium Risk,40.05
28,0,9500,1,0,Graduate,0.4004292984859897,Medium Risk,40.04
23,0,9670,1,0,Dropout,0.39991722410220804,Low Risk,39.99
25,1,9991,1,0,Graduate,0.39981909876311506,Low Risk,39.98
26,1,9500,1,0,Graduate,0.39942106714912695,Low Risk,39.94
18,1,9070,1,0,Dropout,0.39937755555434656,Low Risk,39.94
18,1,9254,1,0,Dropout,0.3993158635193814,Low Risk,39.93
23,1,9147,1,0,Graduate,0.3990530681338532,Low Risk,39.91
46,0,9003,1,0,Graduate,0.39902841729897626,Low Risk,39.9
18,1,9130,1,0,Dropout,0.39902823031260815,Low Risk,39.9
23,1,9773,1,0,Graduate,0.3988507863905361,Low Risk,39.89
26,1,9991,1,0,Graduate,0.3987337224270183,Low Risk,39.87
53,1,9130,1,0,Graduate,0.39873288558437364,Low Risk,39.87
19,0,9853,1,1,Dropout,0.3986670059538475,Low Risk,39.87
25,1,9773,1,0,Graduate,0.39815067234967133,Low Risk,39.82
47,0,9556,1,0,Dropout,0.39807416522644334,Low Risk,39.81
28,0,9500,1,0,Enrolled,0.3980026410504462,Low Risk,39.8
26,1,8014,1,0,Enrolled,0.39758607363129417,Low Risk,39.76
19,0,9070,1,0,Dropout,0.39732227407975684,Low Risk,39.73
31,0,9070,1,0,Enrolled,0.39709174628731037,Low Risk,39.71
18,0,171,1,1,Dropout,0.39695861311142006,Low Risk,39.7
20,0,9085,1,0,Dropout,0.39689424152569674,Low Risk,39.69
19,0,9853,1,0,Dropout,0.3965907959209969,Low Risk,39.66
19,1,9147,1,0,Dropout,0.39653848374581185,Low Risk,39.65
29,1,9003,1,0,Graduate,0.3964860971315231,Low Risk,39.65
18,1,9500,1,0,Dropout,0.3963224737761482,Low Risk,39.63
18,1,171,1,0,Dropout,0.3961587457376228,Low Risk,39.62
24,1,9119,1,0,Enrolled,0.3961552702125782,Low Risk,39.62
22,1,9670,1,0,Dropout,0.395733141400859,Low Risk,39.57
22,1,9147,1,0,Dropout,0.3952241893330841,Low Risk,39.52
19,1,9147,0,0,Enrolled,0.39491885195166115,Low Risk,39.49
18,1,9147,1,0,Dropout,0.3948060826609329,Low Risk,39.48
37,0,8014,1,0,Dropout,0.39475183092731886,Low Risk,39.48
34,1,9147,1,0,Graduate,0.39456322130802307,Low Risk,39.46
18,0,9085,1,1,Dropout,0.394227915296001,Low Risk,39.42
35,0,9853,1,0,Graduate,0.3938436229946329,Low Risk,39.38
44,1,9254,1,0,Graduate,0.39374190962746203,Low Risk,39.37
24,1,9991,1,0,Enrolled,0.39368892826118,Low Risk,39.37
23,0,9085,0,0,Enrolled,0.39322491479189303,Low Risk,39.32
20,0,9130,0,0,Enrolled,0.3926277161384377,Low Risk,39.26
18,1,9773,1,0,Dropout,0.3922150902478036,Low Risk,39.22
31,0,9991,1,0,Dropout,0.39220223967751283,Low Risk,39.22
23,0,9070,1,1,Dropout,0.39183448662000986,Low Risk,39.18
20,1,9119,1,0,Graduate,0.390975265365192,Low Risk,39.1
22,1,9085,1,0,Dropout,0.39075489403373526,Low Risk,39.08
34,0,9991,1,0,Enrolled,0.39049147957800556,Low Risk,39.05
33,1,9119,1,0,Enrolled,0.3903072090347752,Low Risk,39.03
19,0,9147,1,1,Dropout,0.3900992488713908,Low Risk,39.01
19,0,171,1,0,Dropout,0.3899231122926392,Low Risk,38.99
24,0,9085,1,0,Graduate,0.3899076777543092,Low Risk,38.99
28,0,9254,1,0,Graduate,0.3898987886562158,Low Risk,38.99
19,1,9670,1,0,Dropout,0.3895872578779801,Low Risk,38.96
19,1,9130,1,0,Dropout,0.38901571718055755,Low Risk,38.9
31,1,9003,1,0,Graduate,0.38889672142369464,Low Risk,38.89
18,1,9670,1,0,Dropout,0.38781473971136704,Low Risk,38.78
28,0,9991,1,0,Enrolled,0.38779203030693543,Low Risk,38.78
27,0,9991,1,0,Enrolled,0.38728265226542885,Low Risk,38.73
25,0,9500,1,0,Graduate,0.3871005856231853,Low Risk,38.71
19,0,171,1,0,Dropout,0.3870266958520794,Low Risk,38.7
24,0,9085,1,0,Graduate,0.3869874920073134,Low Risk,38.7
18,1,171,1,0,Dropout,0.3869058559798409,Low Risk,38.69
19,1,9238,1,0,Dropout,0.3866651651658863,Low Risk,38.67
46,1,9991,1,0,Graduate,0.38604065427509193,Low Risk,38.6
20,0,171,1,0,Dropout,0.3860301143683365,Low Risk,38.6
26,0,9556,1,0,Dropout,0.3860299898780524,Low Risk,38.6
19,1,9147,1,0,Dropout,0.38547580471579745,Low Risk,38.55
34,0,9254,1,0,Graduate,0.3854001528015794,Low Risk,38.54
35,0,8014,1,1,Graduate,0.3852437710844237,Low Risk,38.52
18,1,9119,1,0,Dropout,0.3851266138393884,Low Risk,38.51
32,0,9500,1,0,Enrolled,0.3851176900746623,Low Risk,38.51
18,0,9147,1,1,Dropout,0.3850989962438477,Low Risk,38.51
19,0,9773,1,0,Dropout,0.38505743818802435,Low Risk,38.51
30,0,9991,1,0,Enrolled,0.3850550668983994,Low Risk,38.51
19,1,9147,1,0,Dropout,0.3847637793937772,Low Risk,38.48
23,0,9085,1,0,Dropout,0.38463172084354386,Low Risk,38.46
18,0,9853,1,0,Enrolled,0.3842948733199775,Low Risk,38.43
28,0,9254,1,0,Graduate,0.384155122698656,Low Risk,38.42
26,0,9085,1,0,Graduate,0.3837565369459013,Low Risk,38.38
25,0,9991,1,0,Enrolled,0.38340317866324203,Low Risk,38.34
18,0,9773,1,1,Dropout,0.3830130601581915,Low Risk,38.3
50,1,9238,1,0,Dropout,0.382804239399988,Low Risk,38.28
18,0,9773,0,0,Enrolled,0.38280366320057024,Low Risk,38.28
41,0,9147,1,0,Enrolled,0.3827545476566075,Low Risk,38.28
30,1,9991,1,0,Graduate,0.3827035963537413,Low Risk,38.27
19,1,9773,1,0,Dropout,0.38211264375093407,Low Risk,38.21
26,0,9119,1,0,Dropout,0.3818051693340725,Low Risk,38.18
32,0,9254,1,0,Graduate,0.3815718209410515,Low Risk,38.16
18,1,9119,1,0,Dropout,0.3808478317627569,Low Risk,38.08
18,0,9670,1,1,Dropout,0.3802284029125551,Low Risk,38.02
39,1,9991,1,0,Enrolled,0.38017808628089156,Low Risk,38.02
55,1,9070,1,0,Graduate,0.37970501977803106,Low Risk,37.97
24,1,9500,1,0,Graduate,0.37935049402693916,Low Risk,37.94
21,1,9147,1,0,Dropout,0.3791716040485243,Low Risk,37.92
36,1,9991,1,0,Graduate,0.3791002314545998,Low Risk,37.91
24,0,9085,0,0,Enrolled,0.3789538516227815,Low Risk,37.9
19,1,9119,1,0,Dropout,0.3787389428998419,Low Risk,37.87
19,1,9070,1,0,Dropout,0.3786785202791977,Low Risk,37.87
33,0,9254,1,0,Graduate,0.37861504818426067,Low Risk,37.86
18,1,171,1,0,Dropout,0.37798077928903295,Low Risk,37.8
18,0,9254,1,0,Dropout,0.3779642674872693,Low Risk,37.8
19,1,9119,1,0,Dropout,0.3778807807364472,Low Risk,37.79
20,1,9130,1,0,Dropout,0.37720802561395106,Low Risk,37.72
32,0,8014,1,0,Graduate,0.37685184593150833,Low Risk,37.69
39,0,9991,1,0,Graduate,0.37682190464264154,Low Risk,37.68
34,0,9991,1,0,Dropout,0.37664187364395413,Low Risk,37.66
20,1,9085,1,1,Dropout,0.37642107763727944,Low Risk,37.64
19,0,171,1,0,Dropout,0.37641656233969484,Low Risk,37.64
24,0,9556,1,0,Enrolled,0.37635412142347807,Low Risk,37.64
27,1,9254,1,0,Enrolled,0.37610928075489,Low Risk,37.61
29,0,9003,1,0,Graduate,0.37572900020831984,Low Risk,37.57
20,0,9254,1,0,Dropout,0.37564142834364855,Low Risk,37.56
18,1,9853,1,0,Enrolled,0.3754844147220408,Low Risk,37.55
21,0,9085,1,0,Dropout,0.37542460157096,Low Risk,37.54
28,1,9085,1,0,Graduate,0.3754045283074955,Low Risk,37.54
37,0,9991,1,0,Graduate,0.3753193512216373,Low Risk,37.53
22,0,9500,1,0,Graduate,0.3753012993151014,Low Risk,37.53
44,1,9130,1,0,Graduate,0.37516870787028656,Low Risk,37.52
26,1,9254,1,0,Graduate,0.3751466481379313,Low Risk,37.51
34,1,9238,1,0,Graduate,0.37476876298164946,Low Risk,37.48
19,0,9147,1,1,Dropout,0.37442413334338037,Low Risk,37.44
19,1,9119,1,0,Dropout,0.3743661950269601,Low Risk,37.44
38,1,9070,1,0,Graduate,0.37426890627313997,Low Risk,37.43
21,0,9670,1,0,Graduate,0.37410112066261036,Low Risk,37.41
51,1,9500,1,0,Graduate,0.3740942824744294,Low Risk,37.41
21,1,8014,1,0,Graduate,0.37356722771636236,Low Risk,37.36
22,1,9119,1,0,Dropout,0.37352765199830584,Low Risk,37.35
28,0,9500,1,0,Graduate,0.37344385394341595,Low Risk,37.34
34,0,9003,1,0,Graduate,0.3734331759271373,Low Risk,37.34
23,1,9085,1,0,Graduate,0.37328575262418917,Low Risk,37.33
18,1,9119,1,0,Dropout,0.3729782676173979,Low Risk,37.3
19,1,9147,1,1,Dropout,0.37293599190703364,Low Risk,37.29
19,1,9119,1,0,Dropout,0.3729286455296277,Low Risk,37.29
26,1,9670,1,0,Dropout,0.37273173850265634,Low Risk,37.27
21,1,9130,1,0,Dropout,0.37271364845671,Low Risk,37.27
54,0,9147,1,0,Dropout,0.37269270504770274,Low Risk,37.27
18,1,9773,1,1,Dropout,0.37249477864101993,Low Risk,37.25
40,1,9991,1,0,Graduate,0.3724340734013608,Low Risk,37.24
21,1,171,1,0,Dropout,0.3723730928412457,Low Risk,37.24
21,0,9085,1,0,Dropout,0.372215625125593,Low Risk,37.22
24,0,9500,1,0,Graduate,0.37186657070693174,Low Risk,37.19
37,1,9991,1,0,Graduate,0.3716733958617883,Low Risk,37.17
18,1,9147,1,0,Dropout,0.371519988105829,Low Risk,37.15
26,1,9070,1,0,Graduate,0.3715008257648264,Low Risk,37.15
31,0,9238,1,0,Enrolled,0.3714336743556661,Low Risk,37.14
29,0,9991,1,0,Graduate,0.37132314573820724,Low Risk,37.13
34,0,9991,1,0,Enrolled,0.3710162342376745,Low Risk,37.1
22,1,171,1,0,Graduate,0.3708961062066883,Low Risk,37.09
26,0,8014,1,0,Graduate,0.37055862309978227,Low Risk,37.06
31,1,9991,1,0,Graduate,0.3704695614884733,Low Risk,37.05
33,1,8014,1,0,Graduate,0.37030933183794756,Low Risk,37.03
18,1,9147,1,0,Dropout,0.37007172049625364,Low Risk,37.01
18,0,9853,1,1,Dropout,0.37000662292752734,Low Risk,37.0
19,1,9773,1,0,Dropout,0.36965532642861354,Low Risk,36.97
18,0,9773,1,1,Dropout,0.36964261183106073,Low Risk,36.96
21,1,171,1,0,Dropout,0.3686802082840292,Low Risk,36.87
23,0,9130,1,0,Dropout,0.36859562501691084,Low Risk,36.86
29,0,9853,1,0,Graduate,0.3683885652105533,Low Risk,36.84
24,1,9147,1,0,Graduate,0.3682973890903957,Low Risk,36.83
20,1,9003,1,0,Dropout,0.3682520752963764,Low Risk,36.83
36,1,171,1,0,Graduate,0.36818832714793065,Low Risk,36.82
22,1,9147,1,0,Dropout,0.3674720689565336,Low Risk,36.75
21,0,9147,1,0,Dropout,0.3674137517919045,Low Risk,36.74
28,0,9238,1,0,Graduate,0.36739335512242416,Low Risk,36.74
25,1,171,1,0,Graduate,0.36733265903939133,Low Risk,36.73
32,0,9556,1,0,Graduate,0.3671076975320375,Low Risk,36.71
24,0,9500,1,0,Graduate,0.36701666522459325,Low Risk,36.7
27,0,9500,1,0,Graduate,0.3670145654737487,Low Risk,36.7
19,1,9254,1,1,Dropout,0.36658146296045363,Low Risk,36.66
37,0,8014,1,0,Graduate,0.3663845984291648,Low Risk,36.64
27,0,9991,1,0,Graduate,0.3658481414014798,Low Risk,36.58
18,1,9238,1,0,Dropout,0.36559365779805186,Low Risk,36.56
19,0,9773,1,0,Dropout,0.36535546816998776,Low Risk,36.54
26,0,9130,1,0,Dropout,0.3652444925195287,Low Risk,36.52
24,1,9003,1,0,Enrolled,0.365014965679587,Low Risk,36.5
20,0,9147,1,0,Dropout,0.3645412830160968,Low Risk,36.45
40,0,9773,1,0,Enrolled,0.3642315555710998,Low Risk,36.42
37,1,9853,1,0,Graduate,0.3641055163292366,Low Risk,36.41
33,1,9130,1,0,Enrolled,0.3640830072549602,Low Risk,36.41
22,1,9238,1,0,Dropout,0.36403779779393924,Low Risk,36.4
28,0,9500,1,0,Graduate,0.3637112641894911,Low Risk,36.37
18,1,9085,1,0,Dropout,0.3636987197840702,Low Risk,36.37
20,1,171,1,0,Enrolled,0.3633841733425353,Low Risk,36.34
18,1,9500,1,0,Dropout,0.36304387298982466,Low Risk,36.3
18,0,9238,1,0,Dropout,0.3629532890675499,Low Risk,36.3
44,0,9238,1,0,Graduate,0.36280169830564324,Low Risk,36.28
20,1,9773,1,0,Graduate,0.3627789347683554,Low Risk,36.28
18,1,9130,1,0,Graduate,0.3625984140627129,Low Risk,36.26
46,0,8014,1,0,Graduate,0.36236202022717456,Low Risk,36.24
37,1,9003,1,0,Dropout,0.3620490290612164,Low Risk,36.2
18,0,9500,1,0,Dropout,0.3619676483696255,Low Risk,36.2
21,1,9003,1,0,Dropout,0.3619610195683501,Low Risk,36.2
25,1,8014,1,0,Graduate,0.3614583334274572,Low Risk,36.15
28,1,9254,1,0,Graduate,0.3610630294359576,Low Risk,36.11
19,0,9853,1,1,Dropout,0.3606828545161016,Low Risk,36.07
18,1,9119,0,0,Enrolled,0.36055237510831156,Low Risk,36.06
58,0,8014,1,0,Dropout,0.3604912889874523,Low Risk,36.05
39,0,9991,1,0,Graduate,0.3603481505939834,Low Risk,36.03
19,1,9147,1,0,Graduate,0.35987923702243246,Low Risk,35.99
34,1,9991,1,0,Enrolled,0.3596885190078654,Low Risk,35.97
22,0,9147,0,0,Enrolled,0.3591371157426729,Low Risk,35.91
22,1,9670,1,0,Dropout,0.35913419760020815,Low Risk,35.91
34,1,9119,1,0,Enrolled,0.3589455129113714,Low Risk,35.89
24,0,9773,0,1,Graduate,0.35877984257833984,Low Risk,35.88
19,1,9254,1,0,Dropout,0.3586321158929072,Low Risk,35.86
18,1,9119,1,0,Dropout,0.3585355968960619,Low Risk,35.85
35,0,9003,1,0,Graduate,0.3585148825302674,Low Risk,35.85
62,0,9254,1,0,Graduate,0.3579968667853828,Low Risk,35.8
34,0,9238,1,0,Graduate,0.35797824451364013,Low Risk,35.8
52,1,9991,1,0,Graduate,0.3579064374886562,Low Risk,35.79
20,0,9773,1,0,Dropout,0.3578744792339632,Low Risk,35.79
27,1,9991,1,0,Dropout,0.35773071931981576,Low Risk,35.77
18,0,9853,1,0,Dropout,0.3572138744672551,Low Risk,35.72
36,0,9147,1,0,Enrolled,0.3570069511307494,Low Risk,35.7
21,1,9070,1,1,Dropout,0.35693191103264216,Low Risk,35.69
41,0,9254,1,0,Graduate,0.3568799314258845,Low Risk,35.69
24,0,9085,1,0,Graduate,0.35646888880675487,Low Risk,35.65
38,1,9991,1,0,Graduate,0.35635542156376493,Low Risk,35.64
19,0,9254,1,0,Dropout,0.35601870491883075,Low Risk,35.6
21,0,9070,1,0,Dropout,0.35525142101491525,Low Risk,35.53
21,1,9254,1,0,Dropout,0.3547843297780361,Low Risk,35.48
21,1,9670,1,0,Dropout,0.35430896383642974,Low Risk,35.43
19,0,9853,1,0,Dropout,0.35411830186848486,Low Risk,35.41
27,0,9991,1,0,Graduate,0.3539137370844853,Low Risk,35.39
24,0,9085,1,0,Graduate,0.35369117867040295,Low Risk,35.37
20,1,171,1,0,Dropout,0.3536275755021669,Low Risk,35.36
20,1,9147,1,0,Dropout,0.3535509603850885,Low Risk,35.36
24,0,8014,1,0,Dropout,0.3532860823643028,Low Risk,35.33
23,1,9500,1,0,Graduate,0.3531823624985842,Low Risk,35.32
19,0,9070,1,1,Dropout,0.35310913468761235,Low Risk,35.31
39,1,8014,1,0,Graduate,0.3525632249388653,Low Risk,35.26
38,0,9500,1,0,Enrolled,0.3521991966682136,Low Risk,35.22
28,1,9003,1,0,Enrolled,0.3520825396985792,Low Risk,35.21
37,1,9991,1,0,Enrolled,0.35183689168472915,Low Risk,35.18
27,0,9556,1,0,Graduate,0.351809401008196,Low Risk,35.18
24,0,9238,1,0,Graduate,0.35167885545741906,Low Risk,35.17
55,0,8014,1,0,Graduate,0.3514488837814907,Low Risk,35.14
43,0,9147,1,0,Graduate,0.3508459329420432,Low Risk,35.08
37,1,9130,1,0,Graduate,0.35048072402551983,Low Risk,35.05
41,1,9003,1,0,Graduate,0.3500114329403075,Low Risk,35.0
19,1,9085,0,0,Enrolled,0.34969300901173717,Low Risk,34.97
34,1,9070,1,0,Enrolled,0.3495690565096934,Low Risk,34.96
20,0,9773,1,1,Dropout,0.34930693251382733,Low Risk,34.93
19,0,9670,1,1,Dropout,0.349048678854456,Low Risk,34.9
24,0,9003,1,0,Enrolled,0.3486591136706258,Low Risk,34.87
24,0,9991,1,0,Enrolled,0.34819501368489236,Low Risk,34.82
22,1,9070,1,0,Graduate,0.3481127823864919,Low Risk,34.81
28,1,9991,1,0,Enrolled,0.34789734719356935,Low Risk,34.79
48,1,8014,1,0,Dropout,0.34772973068247076,Low Risk,34.77
18,1,9119,1,0,Dropout,0.3473920167261124,Low Risk,34.74
37,0,9003,1,0,Enrolled,0.34707128021529976,Low Risk,34.71
19,0,9853,1,0,Dropout,0.34698925290640686,Low Risk,34.7
21,1,9070,1,0,Graduate,0.34698020380624683,Low Risk,34.7
27,0,9991,1,0,Dropout,0.34688344412217215,Low Risk,34.69
19,1,9003,1,0,Dropout,0.3466437315156894,Low Risk,34.66
19,0,9500,1,0,Dropout,0.3461781749906437,Low Risk,34.62
41,0,9853,1,0,Graduate,0.3461279511784996,Low Risk,34.61
22,0,9254,1,0,Dropout,0.3459305310007289,Low Risk,34.59
18,1,9500,1,0,Dropout,0.3457809915465042,Low Risk,34.58
32,1,9773,1,0,Enrolled,0.3456755169084959,Low Risk,34.57
43,1,9991,1,0,Graduate,0.34517825892916865,Low Risk,34.52
19,1,9147,1,1,Dropout,0.3449841854143961,Low Risk,34.5
19,0,9130,1,0,Dropout,0.34485302294499015,Low Risk,34.49
41,0,9991,1,0,Graduate,0.3441196731044049,Low Risk,34.41
24,0,9773,1,0,Graduate,0.34395070844441056,Low Risk,34.4
21,1,9254,1,0,Graduate,0.3439132632293593,Low Risk,34.39
26,0,9991,1,0,Graduate,0.3437401368092362,Low Risk,34.37
21,0,9085,1,0,Dropout,0.3436778064840037,Low Risk,34.37
26,1,9254,0,0,Enrolled,0.3434793253315061,Low Risk,34.35
37,0,9991,1,0,Enrolled,0.3433362815246062,Low Risk,34.33
21,1,9085,1,0,Dropout,0.3431680058334517,Low Risk,34.32
27,0,8014,1,0,Graduate,0.34313562179890583,Low Risk,34.31
33,0,9147,1,0,Enrolled,0.34297050703582915,Low Risk,34.3
18,0,9773,1,0,Dropout,0.34295028092066965,Low Risk,34.3
18,0,9085,1,0,Dropout,0.3425031391972078,Low Risk,34.25
21,1,9238,1,0,Graduate,0.34229944205936175,Low Risk,34.23
19,0,9500,1,0,Dropout,0.34228098883353864,Low Risk,34.23
19,0,9254,1,0,Dropout,0.34224612648764285,Low Risk,34.22
19,1,171,1,0,Dropout,0.3419618922270753,Low Risk,34.2
21,1,9238,1,0,Graduate,0.3418754451779269,Low Risk,34.19
23,1,9991,1,0,Graduate,0.3415178313757226,Low Risk,34.15
25,1,9070,1,0,Graduate,0.3412354481949327,Low Risk,34.12
41,0,9991,1,0,Graduate,0.3404862139650918,Low Risk,34.05
21,0,9254,0,0,Graduate,0.34041263364536917,Low Risk,34.04
18,1,9119,1,0,Dropout,0.34026222033479075,Low Risk,34.03
25,0,9991,1,0,Enrolled,0.33990367274197464,Low Risk,33.99
20,1,9254,1,1,Dropout,0.3398713034244565,Low Risk,33.99
20,0,9085,1,0,Dropout,0.3391660808374429,Low Risk,33.92
18,0,9254,0,0,Enrolled,0.3388318854513432,Low Risk,33.88
20,0,9773,1,0,Dropout,0.33873169656364527,Low Risk,33.87
25,1,9119,1,0,Enrolled,0.3381892539989834,Low Risk,33.82
20,1,9119,1,0,Enrolled,0.33816038207565574,Low Risk,33.82
18,0,9853,1,0,Dropout,0.33809251817446495,Low Risk,33.81
39,0,9147,1,0,Enrolled,0.3380343812731941,Low Risk,33.8
23,0,9500,1,0,Graduate,0.3378918473548708,Low Risk,33.79
19,0,9500,1,0,Dropout,0.3377107416622965,Low Risk,33.77
25,0,9556,1,0,Enrolled,0.33765033180912224,Low Risk,33.77
25,0,9991,1,0,Enrolled,0.33755688566945363,Low Risk,33.76
19,0,9130,1,0,Dropout,0.3372643431595721,Low Risk,33.73
18,1,9119,1,0,Dropout,0.3372186619478184,Low Risk,33.72
33,0,9147,1,0,Enrolled,0.33707569929828635,Low Risk,33.71
18,1,9254,1,0,Dropout,0.3365234961888599,Low Risk,33.65
21,0,9085,1,0,Dropout,0.33635546882881234,Low Risk,33.64
23,1,9119,1,0,Dropout,0.3363365666532591,Low Risk,33.63
27,0,9085,1,0,Graduate,0.3362398777814073,Low Risk,33.62
29,0,8014,1,0,Graduate,0.33543570767988584,Low Risk,33.54
23,0,9500,1,0,Graduate,0.33448519176931674,Low Risk,33.45
18,0,9773,1,0,Graduate,0.3344279111242562,Low Risk,33.44
32,1,9003,1,0,Graduate,0.33424729328028285,Low Risk,33.42
20,0,9238,1,0,Graduate,0.3340927088496166,Low Risk,33.41
32,0,9991,1,0,Enrolled,0.3339192577052007,Low Risk,33.39
49,1,9991,1,0,Graduate,0.33387189895028546,Low Risk,33.39
18,0,9254,1,0,Graduate,0.3337664124971681,Low Risk,33.38
39,0,9254,1,0,Graduate,0.33316166156454996,Low Risk,33.32
18,1,9085,1,0,Graduate,0.33290210714295265,Low Risk,33.29
19,0,9254,1,0,Dropout,0.33255379388435924,Low Risk,33.26
23,1,9003,1,0,Enrolled,0.3325460862489942,Low Risk,33.25
34,1,9991,1,0,Graduate,0.3325004027957176,Low Risk,33.25
49,1,8014,1,0,Graduate,0.33239981309775424,Low Risk,33.24
26,1,9254,1,0,Enrolled,0.3322260012333122,Low Risk,33.22
19,1,9147,1,0,Dropout,0.332165534943349,Low Risk,33.22
18,1,9773,1,1,Graduate,0.3321140397254905,Low Risk,33.21
34,0,9991,1,0,Enrolled,0.3319419620382278,Low Risk,33.19
18,0,9238,1,0,Graduate,0.3317670403829586,Low Risk,33.18
28,0,9085,1,0,Enrolled,0.3317416102741061,Low Risk,33.17
33,0,8014,1,0,Graduate,0.33109345649773997,Low Risk,33.11
18,1,9147,1,0,Graduate,0.3310715857641579,Low Risk,33.11
32,0,8014,1,0,Graduate,0.3309716609743229,Low Risk,33.1
22,0,9991,1,0,Graduate,0.3309238312878588,Low Risk,33.09
32,0,9670,1,0,Graduate,0.3307386323423931,Low Risk,33.07
28,1,9773,1,0,Graduate,0.3304679919566389,Low Risk,33.05
26,0,9085,1,0,Graduate,0.33038888628882984,Low Risk,33.04
24,1,9500,1,0,Graduate,0.33025511623093007,Low Risk,33.03
19,0,9238,1,0,Dropout,0.32978662973325856,Low Risk,32.98
21,0,9085,1,1,Dropout,0.3297456890904473,Low Risk,32.97
27,1,9500,1,0,Enrolled,0.3295423458081029,Low Risk,32.95
20,1,9773,1,0,Dropout,0.32951859487941493,Low Risk,32.95
19,0,9500,1,0,Dropout,0.32945781805063784,Low Risk,32.95
19,1,9003,1,0,Dropout,0.32934472309239726,Low Risk,32.93
30,0,9991,1,0,Graduate,0.32929234642005306,Low Risk,32.93
18,0,9070,1,0,Dropout,0.3292703150649874,Low Risk,32.93
44,0,9085,0,1,Enrolled,0.3292095796300128,Low Risk,32.92
19,0,9147,1,0,Dropout,0.3287884010158416,Low Risk,32.88
18,0,171,1,0,Dropout,0.3282607013004126,Low Risk,32.83
19,0,9254,1,0,Enrolled,0.328040862693759,Low Risk,32.8
23,0,9853,1,0,Dropout,0.3280405618936118,Low Risk,32.8
19,1,9773,1,0,Graduate,0.3280328509246066,Low Risk,32.8
32,0,8014,1,0,Graduate,0.3279914378005305,Low Risk,32.8
22,0,9853,1,0,Enrolled,0.32788839671302106,Low Risk,32.79
22,1,171,1,0,Graduate,0.32775230309682024,Low Risk,32.78
23,0,9147,1,0,Graduate,0.32715707418447476,Low Risk,32.72
19,1,9670,1,0,Graduate,0.32711977720409613,Low Risk,32.71
35,1,9003,1,0,Graduate,0.3267677758256692,Low Risk,32.68
20,1,9500,1,0,Dropout,0.3265967022628344,Low Risk,32.66
26,0,8014,1,0,Enrolled,0.3264286217142577,Low Risk,32.64
41,0,9147,1,0,Enrolled,0.3261893805545189,Low Risk,32.62
47,1,9254,1,0,Graduate,0.3261666634859205,Low Risk,32.62
43,1,9085,1,0,Graduate,0.32604338130744287,Low Risk,32.6
26,0,8014,1,0,Graduate,0.32601882963906276,Low Risk,32.6
20,1,171,1,0,Graduate,0.3258603555540989,Low Risk,32.59
20,0,9853,1,0,Dropout,0.32569043823747984,Low Risk,32.57
19,1,9670,0,0,Graduate,0.3256813021942723,Low Risk,32.57
18,0,9130,1,0,Dropout,0.325588446645992,Low Risk,32.56
28,0,9238,1,0,Graduate,0.32532274946439244,Low Risk,32.53
19,0,9238,1,0,Dropout,0.3252837117849791,Low Risk,32.53
19,1,9119,1,0,Dropout,0.32491697454900303,Low Risk,32.49
18,1,9119,1,0,Dropout,0.32485092402584714,Low Risk,32.49
23,1,9119,1,0,Graduate,0.3248062403899991,Low Risk,32.48
20,0,9254,1,0,Dropout,0.3242850369406906,Low Risk,32.43
19,0,9773,1,0,Dropout,0.3242075367098455,Low Risk,32.42
26,0,9991,1,0,Graduate,0.3241545217010969,Low Risk,32.42
29,1,9991,1,0,Enrolled,0.32409841471118683,Low Risk,32.41
23,0,9500,1,0,Graduate,0.3240165789412442,Low Risk,32.4
47,1,9991,1,0,Dropout,0.32398300994356555,Low Risk,32.4
20,1,9147,1,0,Dropout,0.3238744532879097,Low Risk,32.39
44,0,8014,1,0,Graduate,0.3237910545438054,Low Risk,32.38
24,1,171,1,0,Graduate,0.323658943299778,Low Risk,32.37
18,0,9085,1,0,Dropout,0.32352064046252854,Low Risk,32.35
19,0,9085,1,0,Dropout,0.3234292390375108,Low Risk,32.34
26,0,9991,1,0,Graduate,0.32298998537505313,Low Risk,32.3
22,1,9147,1,0,Enrolled,0.3229205497371927,Low Risk,32.29
26,1,9991,1,0,Graduate,0.3224462908791127,Low Risk,32.24
19,0,171,1,0,Dropout,0.3223739808974954,Low Risk,32.24
18,0,9070,1,1,Dropout,0.3221212751812308,Low Risk,32.21
30,0,9500,1,0,Graduate,0.32180725654767045,Low Risk,32.18
19,1,9147,1,0,Graduate,0.3217797092933357,Low Risk,32.18
33,0,9070,1,0,Graduate,0.32172811119792105,Low Risk,32.17
21,1,9670,1,0,Graduate,0.3216688178347069,Low Risk,32.17
18,0,9238,1,0,Dropout,0.32126129544394405,Low Risk,32.13
27,0,9500,1,0,Enrolled,0.321242733248975,Low Risk,32.12
23,1,9147,1,0,Graduate,0.3211441663390131,Low Risk,32.11
18,1,9070,1,0,Graduate,0.32074978527316517,Low Risk,32.07
19,0,9670,1,0,Dropout,0.3207464602181617,Low Risk,32.07
48,1,9991,1,0,Graduate,0.3207060983122126,Low Risk,32.07
34,0,9238,1,0,Graduate,0.3206440345397914,Low Risk,32.06
20,1,9085,1,0,Graduate,0.320555624104528,Low Risk,32.06
23,0,9238,1,0,Graduate,0.32039475761694713,Low Risk,32.04
19,1,9670,1,0,Enrolled,0.3202780356392434,Low Risk,32.03
18,0,9773,1,0,Graduate,0.3201970058387294,Low Risk,32.02
23,0,9085,0,0,Enrolled,0.3199967713208813,Low Risk,32.0
18,0,9238,1,0,Dropout,0.31999256703838586,Low Risk,32.0
19,0,9556,1,0,Dropout,0.3196594582034087,Low Risk,31.97
60,1,9003,1,0,Graduate,0.31956388763270194,Low Risk,31.96
21,0,9670,1,0,Dropout,0.31921738038125363,Low Risk,31.92
26,0,9991,1,0,Graduate,0.3192045269177269,Low Risk,31.92
39,0,9991,1,0,Graduate,0.31919300039184784,Low Risk,31.92
31,0,9991,1,0,Graduate,0.3186495878103909,Low Risk,31.86
44,0,8014,1,0,Graduate,0.3186304616215695,Low Risk,31.86
20,0,9500,1,0,Dropout,0.3186078996941532,Low Risk,31.86
30,0,8014,1,0,Graduate,0.3185686748733639,Low Risk,31.86
20,0,9773,1,0,Dropout,0.3182223901355973,Low Risk,31.82
19,0,9670,1,0,Dropout,0.3177036251261778,Low Risk,31.77
32,1,9670,1,0,Graduate,0.31766280241267786,Low Risk,31.77
18,1,9119,1,0,Enrolled,0.3173642315568126,Low Risk,31.74
33,0,9254,1,0,Graduate,0.31727272069145,Low Risk,31.73
18,0,9119,1,0,Dropout,0.3171572235540698,Low Risk,31.72
20,0,9238,0,0,Graduate,0.3171392462793629,Low Risk,31.71
39,1,8014,1,0,Enrolled,0.3169843372345825,Low Risk,31.7
22,1,9070,1,0,Enrolled,0.31662492870393133,Low Risk,31.66
32,0,9991,1,0,Graduate,0.3165189770387295,Low Risk,31.65
19,0,9853,1,0,Dropout,0.3165149849106715,Low Risk,31.65
18,0,9130,1,0,Dropout,0.3164474710848944,Low Risk,31.64
20,0,9773,1,0,Dropout,0.31581788577919045,Low Risk,31.58
27,0,9500,1,0,Graduate,0.31575497264636315,Low Risk,31.58
23,0,9670,1,0,Dropout,0.31544168303348613,Low Risk,31.54
21,0,9773,1,0,Graduate,0.3152919254074444,Low Risk,31.53
19,0,9254,1,1,Dropout,0.3151281236701064,Low Risk,31.51
47,0,9991,1,0,Graduate,0.31470932250960265,Low Risk,31.47
32,1,9991,1,0,Graduate,0.314682255326119,Low Risk,31.47
34,0,9147,1,0,Graduate,0.3146747323768496,Low Risk,31.47
21,0,9085,1,0,Dropout,0.3145435297757617,Low Risk,31.45
29,0,9147,1,0,Graduate,0.31417626596554105,Low Risk,31.42
35,0,8014,1,0,Graduate,0.3140759143875445,Low Risk,31.41
19,0,171,1,0,Dropout,0.31400427341282156,Low Risk,31.4
21,0,9556,1,0,Dropout,0.31378119802921145,Low Risk,31.38
19,0,171,1,0,Dropout,0.31354845268018,Low Risk,31.35
18,1,9254,1,0,Graduate,0.31354068103856547,Low Risk,31.35
31,0,9500,1,0,Graduate,0.31337250888997553,Low Risk,31.34
33,0,9991,1,0,Enrolled,0.3132883459274504,Low Risk,31.33
19,1,171,1,0,Graduate,0.3130972704407741,Low Risk,31.31
19,1,9254,0,0,Graduate,0.31272574637452155,Low Risk,31.27
20,0,9130,1,0,Enrolled,0.3125439748343707,Low Risk,31.25
19,1,9773,1,0,Dropout,0.31215799340527267,Low Risk,31.22
34,1,9991,1,0,Graduate,0.31215022914613705,Low Risk,31.22
18,0,9070,1,0,Dropout,0.3120439667487672,Low Risk,31.2
20,1,9670,1,0,Graduate,0.31182913676434565,Low Risk,31.18
45,0,8014,1,0,Dropout,0.31172374121046037,Low Risk,31.17
18,0,9773,1,1,Dropout,0.31158068742958345,Low Risk,31.16
41,0,8014,1,0,Dropout,0.3115221434551555,Low Risk,31.15
19,0,9238,1,0,Graduate,0.3114815265580643,Low Risk,31.15
22,1,171,0,1,Graduate,0.31112849495247025,Low Risk,31.11
19,1,9254,1,0,Enrolled,0.3108228566119363,Low Risk,31.08
22,1,9670,1,0,Enrolled,0.3107539255056593,Low Risk,31.08
46,0,8014,1,0,Graduate,0.31073016419709293,Low Risk,31.07
22,1,9085,1,0,Graduate,0.3105508062983885,Low Risk,31.06
18,0,9130,1,0,Dropout,0.31021639283545294,Low Risk,31.02
18,1,9085,1,0,Graduate,0.31021022479974303,Low Risk,31.02
23,1,9670,1,0,Graduate,0.31019531694386965,Low Risk,31.02
21,0,9853,1,1,Dropout,0.31017518717673115,Low Risk,31.02
22,0,9147,1,0,Graduate,0.3100748869572543,Low Risk,31.01
41,1,8014,1,0,Graduate,0.31007345631952676,Low Risk,31.01
36,0,9238,1,0,Enrolled,0.3093725034975569,Low Risk,30.94
20,1,9070,1,0,Graduate,0.3093703205076561,Low Risk,30.94
18,0,9853,1,0,Graduate,0.30884697539856737,Low Risk,30.88
21,1,9003,1,0,Graduate,0.3088172440362217,Low Risk,30.88
20,1,9147,1,0,Enrolled,0.3087726394355866,Low Risk,30.88
18,1,9670,1,1,Dropout,0.30834612857944294,Low Risk,30.83
20,1,9070,1,0,Dropout,0.3083031474041388,Low Risk,30.83
20,0,9500,1,0,Graduate,0.3078610241443316,Low Risk,30.79
24,1,9991,1,0,Graduate,0.30740762467026667,Low Risk,30.74
25,0,9991,1,0,Enrolled,0.30739106916236664,Low Risk,30.74
25,0,9070,1,0,Graduate,0.3070846579272844,Low Risk,30.71
24,1,9670,1,0,Enrolled,0.3069397561854603,Low Risk,30.69
28,1,9003,1,0,Enrolled,0.30673882669609437,Low Risk,30.67
18,1,9130,0,0,Dropout,0.3055865684838813,Low Risk,30.56
20,1,9500,1,0,Graduate,0.3052681032751276,Low Risk,30.53
24,1,9070,1,0,Enrolled,0.3052209622098471,Low Risk,30.52
19,1,9773,1,1,Graduate,0.3050669218581296,Low Risk,30.51
19,1,9085,1,0,Graduate,0.3049683960177839,Low Risk,30.5
21,1,9670,1,0,Enrolled,0.3046869275571204,Low Risk,30.47
22,1,9500,1,0,Enrolled,0.30468060197805036,Low Risk,30.47
18,1,9119,1,0,Dropout,0.30464263112324463,Low Risk,30.46
20,0,9070,1,0,Dropout,0.30436633986284184,Low Risk,30.44
25,1,9991,1,0,Graduate,0.3043276954908518,Low Risk,30.43
26,0,33,1,0,Graduate,0.30422623639862184,Low Risk,30.42
22,0,9853,1,0,Enrolled,0.30388640996790595,Low Risk,30.39
24,0,8014,1,0,Graduate,0.30373537489407704,Low Risk,30.37
19,1,9147,1,0,Graduate,0.30342970589706064,Low Risk,30.34
18,0,9773,1,0,Dropout,0.3033667094981147,Low Risk,30.34
19,0,9254,1,1,Dropout,0.30328169308370223,Low Risk,30.33
25,0,9085,1,0,Graduate,0.30321634792692226,Low Risk,30.32
41,0,9003,1,0,Graduate,0.3030446924320198,Low Risk,30.3
20,0,9556,1,0,Dropout,0.3029649290331511,Low Risk,30.3
37,1,9991,1,0,Enrolled,0.3029240726559565,Low Risk,30.29
19,0,171,0,0,Graduate,0.3028879670117622,Low Risk,30.29
19,0,9670,1,0,Dropout,0.3028744549064269,Low Risk,30.29
20,1,9147,1,0,Dropout,0.30279356748410546,Low Risk,30.28
18,0,9130,0,0,Enrolled,0.30265494742188204,Low Risk,30.27
37,0,9991,1,0,Graduate,0.30265209770296064,Low Risk,30.27
20,1,9147,1,0,Graduate,0.3023849944871282,Low Risk,30.24
32,0,9500,1,0,Enrolled,0.3020335958401173,Low Risk,30.2
41,0,9147,1,0,Graduate,0.30195762551028993,Low Risk,30.2
20,0,9254,1,0,Dropout,0.30159278218389934,Low Risk,30.16
26,0,9085,1,0,Graduate,0.30157717483224294,Low Risk,30.16
20,0,9670,1,0,Enrolled,0.3011605266304821,Low Risk,30.12
20,1,9119,1,0,Dropout,0.3008880887197805,Low Risk,30.09
24,0,9500,1,0,Graduate,0.30069575459233594,Low Risk,30.07
18,1,9070,1,0,Graduate,0.30061100480582675,Low Risk,30.06
22,0,9070,1,0,Graduate,0.3004931184124221,Low Risk,30.05
20,0,171,1,0,Dropout,0.30010216353447244,Low Risk,30.01
18,1,9119,1,0,Enrolled,0.29982053508515916,Low Risk,29.98
18,0,9500,1,0,Dropout,0.2997802853132238,Low Risk,29.98
19,0,9254,1,0,Graduate,0.29950152208212877,Low Risk,29.95
20,0,9773,1,1,Dropout,0.29941374415161015,Low Risk,29.94
24,1,9500,1,0,Graduate,0.2992702489116931,Low Risk,29.93
18,0,9773,1,0,Dropout,0.29918566264872615,Low Risk,29.92
23,1,9003,1,0,Graduate,0.29876497874366087,Low Risk,29.88
25,0,9556,1,0,Enrolled,0.29854234271614033,Low Risk,29.85
21,0,9238,1,0,Graduate,0.2984156146004987,Low Risk,29.84
18,0,9853,1,0,Dropout,0.2976034157390588,Low Risk,29.76
21,0,9238,1,0,Dropout,0.29752401986031135,Low Risk,29.75
19,1,9003,1,0,Graduate,0.29689074688695044,Low Risk,29.69
21,1,9119,1,0,Graduate,0.2966459690580977,Low Risk,29.66
37,0,8014,1,0,Enrolled,0.2962360166318005,Low Risk,29.62
19,0,9238,1,0,Graduate,0.295861839062704,Low Risk,29.59
45,0,9500,1,0,Enrolled,0.2957584660072553,Low Risk,29.58
45,1,9070,1,1,Dropout,0.29523876855416054,Low Risk,29.52
18,0,171,1,0,Dropout,0.29493629734678095,Low Risk,29.49
40,0,9670,1,0,Graduate,0.294905366741878,Low Risk,29.49
19,1,9500,1,0,Graduate,0.29487267356522634,Low Risk,29.49
23,1,9773,1,0,Graduate,0.29484266269297765,Low Risk,29.48
21,1,9070,1,0,Dropout,0.2946525292438172,Low Risk,29.47
26,0,9003,1,0,Graduate,0.2943708808843661,Low Risk,29.44
24,0,9147,1,0,Enrolled,0.29413288987495584,Low Risk,29.41
36,0,9991,1,0,Enrolled,0.29403240791269425,Low Risk,29.4
24,1,9500,1,0,Graduate,0.2937815536955496,Low Risk,29.38
19,0,9670,0,1,Graduate,0.2937775554142489,Low Risk,29.38
19,0,9147,1,0,Graduate,0.29374370659598115,Low Risk,29.37
19,1,171,1,0,Graduate,0.2933246060754515,Low Risk,29.33
29,0,9991,1,0,Enrolled,0.2931720910583878,Low Risk,29.32
20,1,9003,1,0,Dropout,0.293166867183646,Low Risk,29.32
25,1,9254,1,0,Enrolled,0.2929896824028081,Low Risk,29.3
19,1,9003,1,0,Graduate,0.2928953596339688,Low Risk,29.29
26,0,9147,1,0,Enrolled,0.29267878637819367,Low Risk,29.27
19,0,171,0,0,Graduate,0.29264736412495856,Low Risk,29.26
24,0,9085,0,0,Enrolled,0.2925545361209187,Low Risk,29.26
19,1,9773,1,0,Graduate,0.2924890883812529,Low Risk,29.25
22,1,9238,0,0,Graduate,0.2917840082977111,Low Risk,29.18
20,0,9500,1,0,Graduate,0.2915971792488212,Low Risk,29.16
29,0,9991,1,0,Enrolled,0.2911118219309503,Low Risk,29.11
23,0,8014,1,0,Graduate,0.29103824992132205,Low Risk,29.1
22,1,9130,1,0,Graduate,0.2909970849655777,Low Risk,29.1
23,1,9147,1,0,Dropout,0.29097835600746036,Low Risk,29.1
24,0,9500,1,0,Graduate,0.2908786279635663,Low Risk,29.09
26,1,9254,1,0,Enrolled,0.29079925209419,Low Risk,29.08
25,1,9003,1,0,Dropout,0.29070958882143755,Low Risk,29.07
18,0,9773,1,1,Dropout,0.2905563643098727,Low Risk,29.06
26,0,9500,1,0,Enrolled,0.2905140298266515,Low Risk,29.05
20,0,171,1,0,Dropout,0.29041713325834906,Low Risk,29.04
27,0,9500,1,0,Graduate,0.2903211838760438,Low Risk,29.03
40,0,9991,1,0,Enrolled,0.2902727108509156,Low Risk,29.03
19,1,9147,1,0,Graduate,0.2902585410929694,Low Risk,29.03
18,0,9670,1,0,Graduate,0.28973861996661593,Low Risk,28.97
28,0,8014,1,0,Graduate,0.2896568663889266,Low Risk,28.97
20,1,9119,1,0,Graduate,0.28957472856785715,Low Risk,28.96
59,0,9773,1,0,Graduate,0.28946439101605836,Low Risk,28.95
19,0,9130,1,0,Dropout,0.28929789877308704,Low Risk,28.93
21,0,9500,1,0,Graduate,0.2892848232820245,Low Risk,28.93
18,1,9147,0,0,Enrolled,0.289022544619119,Low Risk,28.9
37,1,8014,1,0,Graduate,0.28895677622276383,Low Risk,28.9
22,0,9254,1,0,Graduate,0.28893741126075606,Low Risk,28.89
21,0,9085,1,0,Graduate,0.2887899609668465,Low Risk,28.88
19,1,9500,1,0,Dropout,0.2881254586061146,Low Risk,28.81
22,0,9147,1,0,Dropout,0.2875315169603012,Low Risk,28.75
42,1,8014,1,0,Graduate,0.2873336341168018,Low Risk,28.73
34,1,9991,1,1,Graduate,0.2871374378294022,Low Risk,28.71
20,0,9500,1,0,Dropout,0.28705022488806825,Low Risk,28.71
26,0,9991,1,0,Enrolled,0.28680277015128214,Low Risk,28.68
49,0,8014,1,0,Enrolled,0.286374999361828,Low Risk,28.64
20,0,9853,1,0,Graduate,0.28627929948868325,Low Risk,28.63
19,0,9238,1,0,Dropout,0.2862513716093112,Low Risk,28.63
19,0,9500,1,0,Dropout,0.28616371087960346,Low Risk,28.62
19,0,9254,1,0,Dropout,0.2856754388365186,Low Risk,28.57
24,0,9147,1,0,Enrolled,0.28525488698113893,Low Risk,28.53
50,0,9991,1,0,Enrolled,0.28522746634806323,Low Risk,28.52
34,0,9500,1,0,Enrolled,0.28481369202025575,Low Risk,28.48
21,1,9147,1,0,Graduate,0.2841164015271221,Low Risk,28.41
20,1,9070,1,0,Dropout,0.28397137398877853,Low Risk,28.4
24,1,9130,1,0,Enrolled,0.2836738684150729,Low Risk,28.37
22,1,9500,1,0,Enrolled,0.2833375417609165,Low Risk,28.33
18,0,9254,1,0,Dropout,0.28318799840213876,Low Risk,28.32
19,0,9238,1,0,Dropout,0.283152161523805,Low Risk,28.32
34,0,8014,1,0,Graduate,0.2831103508224023,Low Risk,28.31
28,1,9119,1,1,Graduate,0.28299054756217484,Low Risk,28.3
21,1,9670,0,0,Enrolled,0.28287183826181744,Low Risk,28.29
18,0,9254,1,0,Dropout,0.2825745356379759,Low Risk,28.26
19,1,9147,1,0,Dropout,0.282297711489565,Low Risk,28.23
26,1,9070,1,0,Enrolled,0.2822320832950375,Low Risk,28.22
19,1,9773,1,0,Graduate,0.2820039243017538,Low Risk,28.2
54,0,9003,1,0,Graduate,0.2818510482633221,Low Risk,28.19
28,1,9238,1,0,Enrolled,0.28159891543995824,Low Risk,28.16
19,0,9500,1,0,Dropout,0.28139204335851836,Low Risk,28.14
25,0,8014,1,0,Graduate,0.2813437336677993,Low Risk,28.13
41,1,8014,1,0,Graduate,0.28124960344664207,Low Risk,28.12
30,1,9500,1,0,Graduate,0.2811141512605219,Low Risk,28.11
20,1,9070,1,0,Graduate,0.2810704122923778,Low Risk,28.11
26,1,9130,1,1,Dropout,0.2805731059151661,Low Risk,28.06
19,1,9254,1,0,Enrolled,0.2805573349263164,Low Risk,28.06
21,1,9238,1,0,Graduate,0.28053015732941833,Low Risk,28.05
24,1,9119,1,0,Enrolled,0.2804711855819154,Low Risk,28.05
18,0,9500,1,0,Dropout,0.280440543342431,Low Risk,28.04
19,1,9147,1,0,Graduate,0.2803937417058969,Low Risk,28.04
20,0,9254,1,0,Dropout,0.2803901652494076,Low Risk,28.04
25,1,9003,1,0,Enrolled,0.28034326052587655,Low Risk,28.03
20,0,9147,1,0,Dropout,0.280170840296642,Low Risk,28.02
23,0,9003,1,0,Graduate,0.2799142273344499,Low Risk,27.99
21,0,9070,1,0,Dropout,0.2796728067576245,Low Risk,27.97
21,1,9119,1,0,Enrolled,0.2792865819848871,Low Risk,27.93
18,0,9238,1,0,Dropout,0.27886257256572755,Low Risk,27.89
20,0,9238,1,0,Graduate,0.27885169631770934,Low Risk,27.89
19,1,9254,1,0,Graduate,0.27857709773153916,Low Risk,27.86
18,0,9238,1,0,Graduate,0.2784664269262304,Low Risk,27.85
19,1,9147,1,0,Graduate,0.2784112045772623,Low Risk,27.84
18,1,9119,1,0,Graduate,0.27819939067378724,Low Risk,27.82
18,0,9773,1,0,Dropout,0.2780806791173651,Low Risk,27.81
21,1,9556,1,0,Graduate,0.27799121051325026,Low Risk,27.8
20,1,9254,1,0,Graduate,0.2779554246025189,Low Risk,27.8
19,1,9500,1,0,Graduate,0.2778472832329546,Low Risk,27.78
20,0,9670,1,0,Dropout,0.27772326854880053,Low Risk,27.77
20,1,171,1,0,Graduate,0.2774571982567534,Low Risk,27.75
21,0,9147,1,0,Enrolled,0.2772836389959603,Low Risk,27.73
20,1,9119,1,0,Graduate,0.2771747084175342,Low Risk,27.72
22,1,9500,1,0,Graduate,0.27713580421647716,Low Risk,27.71
21,0,9254,1,0,Dropout,0.2770925276905199,Low Risk,27.71
19,0,9238,1,0,Dropout,0.2769729098015505,Low Risk,27.7
44,0,8014,1,0,Graduate,0.2769598755206906,Low Risk,27.7
18,1,9500,1,0,Graduate,0.27694544106762065,Low Risk,27.69
19,0,9500,1,0,Dropout,0.2769349187038605,Low Risk,27.69
20,1,9119,1,0,Graduate,0.27682146672097857,Low Risk,27.68
33,0,9991,1,0,Graduate,0.2767849755731089,Low Risk,27.68
18,0,9773,1,0,Dropout,0.2767132132235405,Low Risk,27.67
19,0,9670,1,0,Dropout,0.2766730721041507,Low Risk,27.67
19,1,9147,1,0,Dropout,0.27657789304777847,Low Risk,27.66
18,0,9773,1,0,Graduate,0.2762617217091072,Low Risk,27.63
18,0,9773,1,0,Dropout,0.2760391104898695,Low Risk,27.6
22,1,9773,1,0,Enrolled,0.27603613009848804,Low Risk,27.6
23,0,9773,1,0,Enrolled,0.2759680024109825,Low Risk,27.6
37,0,9556,1,1,Graduate,0.2759283408036815,Low Risk,27.59
19,0,8014,1,0,Graduate,0.2759263214254225,Low Risk,27.59
21,1,9119,1,0,Dropout,0.27578712699940644,Low Risk,27.58
18,1,9147,1,0,Graduate,0.2757796595806516,Low Risk,27.58
21,0,9070,1,0,Graduate,0.27570428975243033,Low Risk,27.57
19,0,9500,1,1,Dropout,0.2755859809050676,Low Risk,27.56
18,0,9500,1,0,Dropout,0.27530458308765837,Low Risk,27.53
20,0,9670,1,0,Dropout,0.27484664564548483,Low Risk,27.48
26,0,33,1,0,Enrolled,0.27480279596888063,Low Risk,27.48
19,1,9119,1,0,Enrolled,0.2747972559215707,Low Risk,27.48
20,0,9238,1,0,Enrolled,0.27451756451544945,Low Risk,27.45
21,0,171,1,0,Dropout,0.2745009951803241,Low Risk,27.45
20,0,9500,1,0,Graduate,0.2745001770848071,Low Risk,27.45
18,0,9085,0,0,Enrolled,0.2743346144899828,Low Risk,27.43
18,0,9500,1,0,Dropout,0.2742917712248615,Low Risk,27.43
20,0,9853,1,0,Enrolled,0.27426456613104955,Low Risk,27.43
22,1,9500,1,0,Graduate,0.2736506928731676,Low Risk,27.37
18,1,9773,1,0,Graduate,0.27326576785289036,Low Risk,27.33
22,1,9070,1,0,Graduate,0.2730043224498923,Low Risk,27.3
21,1,9500,1,0,Graduate,0.27295844355116605,Low Risk,27.3
19,1,9773,1,0,Graduate,0.2727516988129489,Low Risk,27.28
25,0,8014,1,0,Graduate,0.2727445668081197,Low Risk,27.27
19,0,9254,1,0,Dropout,0.27261844298978327,Low Risk,27.26
22,1,171,1,0,Graduate,0.2724702706336733,Low Risk,27.25
19,0,9238,1,0,Graduate,0.27221255037599046,Low Risk,27.22
21,1,9003,1,0,Graduate,0.2720851595854847,Low Risk,27.21
20,1,9853,1,1,Enrolled,0.2720510692528415,Low Risk,27.21
49,0,9147,1,0,Graduate,0.27204575630554645,Low Risk,27.2
21,1,9147,1,0,Enrolled,0.2719345426520803,Low Risk,27.19
18,0,9853,1,0,Enrolled,0.27169114515340226,Low Risk,27.17
19,1,9119,1,0,Dropout,0.2714847865792262,Low Risk,27.15
35,1,9003,1,0,Graduate,0.2714787473199007,Low Risk,27.15
18,1,9130,1,0,Graduate,0.2710928342251913,Low Risk,27.11
20,1,9119,1,0,Graduate,0.2706960048664641,Low Risk,27.07
19,0,9147,0,1,Enrolled,0.27057162294733994,Low Risk,27.06
21,0,9238,1,0,Graduate,0.270360597610241,Low Risk,27.04
25,1,171,1,0,Graduate,0.2702673336719867,Low Risk,27.03
19,0,9670,1,0,Graduate,0.27016713350329113,Low Risk,27.02
18,0,9238,1,1,Dropout,0.270160126127019,Low Risk,27.02
28,0,9991,1,0,Enrolled,0.2700489983315052,Low Risk,27.0
18,0,9853,1,0,Graduate,0.27001952886339764,Low Risk,27.0
18,0,9070,1,0,Dropout,0.2698840669073266,Low Risk,26.99
21,1,9119,1,0,Enrolled,0.2697802455979236,Low Risk,26.98
18,0,9500,1,1,Dropout,0.2696633219823796,Low Risk,26.97
19,1,9500,1,0,Graduate,0.2695954899411991,Low Risk,26.96
19,1,9119,1,0,Enrolled,0.26958786352108843,Low Risk,26.96
26,0,9500,1,0,Enrolled,0.2695350750137253,Low Risk,26.95
22,1,9500,1,0,Graduate,0.2694142237656423,Low Risk,26.94
23,0,9085,1,0,Graduate,0.2693877863978482,Low Risk,26.94
19,1,171,1,0,Dropout,0.2692761025267234,Low Risk,26.93
21,1,9670,1,0,Graduate,0.26869410649948866,Low Risk,26.87
19,1,9500,1,0,Graduate,0.26856352371088743,Low Risk,26.86
20,1,9119,1,0,Enrolled,0.2683934814137474,Low Risk,26.84
19,1,9500,1,0,Graduate,0.2683772616458685,Low Risk,26.84
21,0,9147,1,0,Graduate,0.2681853909966929,Low Risk,26.82
18,0,9773,1,0,Graduate,0.2679957914865971,Low Risk,26.8
22,1,9670,1,0,Graduate,0.26796680330435435,Low Risk,26.8
19,1,9130,1,0,Graduate,0.2678465065840957,Low Risk,26.78
18,1,9670,1,0,Graduate,0.2677002171236798,Low Risk,26.77
20,1,9070,1,0,Graduate,0.26769561928740415,Low Risk,26.77
29,0,9070,1,0,Enrolled,0.2675371418710269,Low Risk,26.75
39,0,8014,1,0,Graduate,0.2675213570310318,Low Risk,26.75
19,0,9500,1,0,Dropout,0.267503540168103,Low Risk,26.75
19,1,171,1,0,Dropout,0.2673796364910757,Low Risk,26.74
33,0,9991,1,0,Graduate,0.26723799978417506,Low Risk,26.72
22,1,9130,1,0,Graduate,0.26708811950219286,Low Risk,26.71
19,1,9773,1,0,Graduate,0.2669140683787959,Low Risk,26.69
42,1,9853,1,0,Enrolled,0.2667004553946692,Low Risk,26.67
40,1,9991,1,0,Enrolled,0.2666781330690844,Low Risk,26.67
19,0,9670,1,0,Dropout,0.26625317604302395,Low Risk,26.63
22,1,9238,1,0,Graduate,0.2660380109985208,Low Risk,26.6
34,1,9991,1,0,Enrolled,0.2659913542461515,Low Risk,26.6
25,0,9500,1,0,Graduate,0.26564807983516814,Low Risk,26.56
23,0,9500,1,0,Graduate,0.26542676285624356,Low Risk,26.54
25,1,33,1,0,Enrolled,0.26509185202198216,Low Risk,26.51
20,0,9853,1,0,Enrolled,0.265052301480211,Low Risk,26.51
19,1,9147,1,0,Graduate,0.26493486303486724,Low Risk,26.49
27,0,9991,1,0,Dropout,0.26491090939424294,Low Risk,26.49
28,0,8014,1,0,Graduate,0.264784446494444,Low Risk,26.48
19,1,9500,1,0,Graduate,0.26469270120615784,Low Risk,26.47
28,0,9085,1,0,Enrolled,0.2646845865342776,Low Risk,26.47
19,0,9085,1,0,Graduate,0.26461464890946107,Low Risk,26.46
19,0,9556,1,0,Dropout,0.2646028875316479,Low Risk,26.46
21,0,9500,1,0,Graduate,0.26454858139940657,Low Risk,26.45
21,0,9254,1,1,Dropout,0.26445145916822727,Low Risk,26.45
22,0,9085,1,0,Graduate,0.2643078168408246,Low Risk,26.43
19,1,9147,1,0,Graduate,0.2642350378151635,Low Risk,26.42
22,0,171,1,0,Graduate,0.263932991318897,Low Risk,26.39
19,1,171,1,0,Graduate,0.2635995640939166,Low Risk,26.36
19,0,9254,1,0,Dropout,0.2628763750603413,Low Risk,26.29
20,0,9500,0,1,Enrolled,0.2627695452412103,Low Risk,26.28
21,1,9254,1,0,Enrolled,0.2627416762925546,Low Risk,26.27
40,0,9853,1,0,Graduate,0.2627267373266024,Low Risk,26.27
42,0,8014,1,0,Graduate,0.2626179526340348,Low Risk,26.26
20,1,9119,1,0,Enrolled,0.26258390284629207,Low Risk,26.26
18,1,9119,1,0,Graduate,0.26237612849067815,Low Risk,26.24
19,1,9670,1,0,Enrolled,0.26216976785054913,Low Risk,26.22
24,0,9254,1,0,Graduate,0.2621685502038082,Low Risk,26.22
44,0,9991,1,0,Graduate,0.26206515093336225,Low Risk,26.21
29,0,9003,1,0,Graduate,0.26205104967099135,Low Risk,26.21
20,1,9147,1,0,Enrolled,0.26178482487011134,Low Risk,26.18
19,0,9853,1,0,Graduate,0.26177740688695234,Low Risk,26.18
19,0,9670,1,0,Graduate,0.2616141888208217,Low Risk,26.16
57,1,9773,1,0,Graduate,0.26156060303021417,Low Risk,26.16
18,1,9254,1,0,Enrolled,0.26141810052883313,Low Risk,26.14
28,0,9556,1,0,Enrolled,0.26129255026010056,Low Risk,26.13
23,1,171,1,0,Enrolled,0.2611286325293834,Low Risk,26.11
19,0,9853,1,0,Graduate,0.2611146183191748,Low Risk,26.11
19,1,9500,1,0,Graduate,0.2607868684854327,Low Risk,26.08
19,1,171,1,0,Graduate,0.26063033198924185,Low Risk,26.06
20,1,33,1,0,Enrolled,0.2604512843353693,Low Risk,26.05
23,0,9085,1,0,Graduate,0.26030553500254405,Low Risk,26.03
18,1,171,1,0,Dropout,0.26019883377523273,Low Risk,26.02
19,1,9254,1,0,Enrolled,0.26013792063512264,Low Risk,26.01
18,1,171,1,0,Graduate,0.25980174068720696,Low Risk,25.98
20,0,9853,1,0,Dropout,0.2596102865600125,Low Risk,25.96
21,0,9500,1,0,Graduate,0.2595895578725789,Low Risk,25.96
19,1,9670,1,0,Graduate,0.2595869753196631,Low Risk,25.96
21,0,9003,1,0,Dropout,0.259407376820277,Low Risk,25.94
21,0,9130,1,0,Enrolled,0.25937022789294994,Low Risk,25.94
52,0,9147,1,0,Graduate,0.2590547477735217,Low Risk,25.91
19,0,9254,1,0,Dropout,0.25892413411291737,Low Risk,25.89
21,1,9773,1,0,Enrolled,0.2588422374556928,Low Risk,25.88
22,1,9070,1,0,Graduate,0.2587331941866302,Low Risk,25.87
21,0,9085,1,0,Enrolled,0.25868055012884433,Low Risk,25.87
20,0,9773,1,0,Dropout,0.2585414802120117,Low Risk,25.85
27,0,9085,1,0,Graduate,0.25747482187701,Low Risk,25.75
27,0,8014,1,0,Graduate,0.2574319637958716,Low Risk,25.74
21,0,9853,1,0,Graduate,0.2572548379225144,Low Risk,25.73
58,0,8014,1,0,Graduate,0.25721517864183574,Low Risk,25.72
22,0,9670,1,0,Enrolled,0.25708954431336906,Low Risk,25.71
18,1,9070,1,0,Enrolled,0.2568208663550724,Low Risk,25.68
45,0,8014,1,0,Enrolled,0.2567611108801059,Low Risk,25.68
19,1,9773,1,0,Graduate,0.2565643962690727,Low Risk,25.66
20,1,9147,1,0,Enrolled,0.2559609089041155,Low Risk,25.6
18,1,9147,1,0,Graduate,0.2558877217613752,Low Risk,25.59
20,0,9556,1,0,Enrolled,0.2557320006516673,Low Risk,25.57
23,0,8014,1,0,Enrolled,0.2555525365427299,Low Risk,25.56
19,0,9085,1,0,Graduate,0.2553337124458254,Low Risk,25.53
21,1,9003,1,0,Enrolled,0.25510411241422387,Low Risk,25.51
36,0,8014,1,0,Dropout,0.2549918486418577,Low Risk,25.5
19,0,9853,1,0,Enrolled,0.2547302792177477,Low Risk,25.47
18,1,9238,1,0,Graduate,0.25454071814402,Low Risk,25.45
18,1,9070,1,0,Graduate,0.25451914915335233,Low Risk,25.45
20,0,9773,1,0,Graduate,0.25447784920867605,Low Risk,25.45
18,0,9853,1,0,Dropout,0.2543688006382748,Low Risk,25.44
26,1,9991,1,0,Enrolled,0.2542502965736903,Low Risk,25.43
19,1,9500,1,0,Graduate,0.2542353638414807,Low Risk,25.42
21,0,9991,1,0,Graduate,0.2540919776291454,Low Risk,25.41
19,1,171,1,0,Enrolled,0.254084897473695,Low Risk,25.41
20,1,9254,1,0,Graduate,0.2540278356344737,Low Risk,25.4
23,0,171,1,0,Graduate,0.25390318075079815,Low Risk,25.39
18,0,9670,1,0,Graduate,0.25376059864397427,Low Risk,25.38
18,1,9070,1,0,Enrolled,0.2536635305535442,Low Risk,25.37
46,0,9991,1,0,Graduate,0.25339441293970083,Low Risk,25.34
20,1,9254,1,0,Graduate,0.253254181038364,Low Risk,25.33
21,0,9085,1,0,Enrolled,0.25322027663463603,Low Risk,25.32
18,1,171,1,0,Graduate,0.25319308660640566,Low Risk,25.32
19,1,9147,1,0,Graduate,0.25319069646905734,Low Risk,25.32
19,0,9254,1,0,Graduate,0.2528109963509283,Low Risk,25.28
19,0,9130,1,0,Graduate,0.2527328932484535,Low Risk,25.27
19,1,9254,1,0,Enrolled,0.25268114213652554,Low Risk,25.27
22,0,9773,1,0,Graduate,0.25264749984235557,Low Risk,25.26
22,1,9119,1,0,Enrolled,0.25255053403286776,Low Risk,25.26
19,0,9238,1,0,Dropout,0.2524502687619034,Low Risk,25.25
50,0,8014,1,0,Graduate,0.2522641799735316,Low Risk,25.23
22,0,171,1,0,Graduate,0.2522511879773183,Low Risk,25.23
22,0,9773,1,0,Dropout,0.2518690881687958,Low Risk,25.19
18,1,9500,1,0,Graduate,0.2513708826798009,Low Risk,25.14
23,0,9147,1,0,Enrolled,0.25125621304509904,Low Risk,25.13
19,1,9070,1,0,Graduate,0.2511813066105482,Low Risk,25.12
21,0,9238,1,0,Dropout,0.25113043310737126,Low Risk,25.11
19,1,9147,1,0,Graduate,0.25109985776638644,Low Risk,25.11
18,1,9500,1,1,Graduate,0.2510095218970793,Low Risk,25.1
23,0,9500,1,0,Graduate,0.2509669674695088,Low Risk,25.1
18,0,9238,1,0,Graduate,0.25094861028119925,Low Risk,25.09
19,0,9500,1,0,Graduate,0.2508141947527813,Low Risk,25.08
25,0,9556,1,0,Enrolled,0.25076420818156986,Low Risk,25.08
22,1,171,1,0,Enrolled,0.2507544989681171,Low Risk,25.08
21,0,9147,1,0,Graduate,0.25075345154496687,Low Risk,25.08
23,0,9500,1,0,Enrolled,0.2507081403606131,Low Risk,25.07
22,1,171,1,0,Enrolled,0.2505546160193569,Low Risk,25.06
18,0,9070,1,0,Enrolled,0.25047864792002433,Low Risk,25.05
21,0,8014,1,0,Graduate,0.25046601162193155,Low Risk,25.05
22,1,8014,1,0,Graduate,0.2504009569331585,Low Risk,25.04
18,1,9130,1,0,Graduate,0.24980358978863942,Low Risk,24.98
18,1,9556,1,0,Graduate,0.24977948677023107,Low Risk,24.98
31,0,9991,1,0,Enrolled,0.24970292724356422,Low Risk,24.97
33,1,9500,1,1,Enrolled,0.2495773116838419,Low Risk,24.96
18,0,9500,1,0,Dropout,0.24940863059204804,Low Risk,24.94
19,0,9238,1,0,Graduate,0.24932508346367846,Low Risk,24.93
21,0,9085,1,0,Enrolled,0.24905244536953972,Low Risk,24.91
20,1,9085,1,0,Graduate,0.24899236328447447,Low Risk,24.9
26,0,9238,1,0,Graduate,0.24893615372384814,Low Risk,24.89
20,1,9003,1,0,Enrolled,0.24865634811586204,Low Risk,24.87
19,0,9773,1,0,Dropout,0.24862746099100547,Low Risk,24.86
19,1,9070,1,0,Graduate,0.2484609051766527,Low Risk,24.85
19,1,9070,1,0,Enrolled,0.24839974496653,Low Risk,24.84
19,0,9254,1,0,Dropout,0.24827108751366814,Low Risk,24.83
22,1,9238,1,0,Enrolled,0.2481460356308884,Low Risk,24.81
21,0,9130,1,0,Enrolled,0.24807574480153038,Low Risk,24.81
19,1,9070,1,0,Enrolled,0.24805395620125797,Low Risk,24.81
19,1,9670,1,0,Dropout,0.24804158593209374,Low Risk,24.8
24,0,9500,1,0,Graduate,0.24779706556701203,Low Risk,24.78
19,1,9670,1,0,Graduate,0.24772914292831139,Low Risk,24.77
21,1,9003,1,0,Enrolled,0.2477050712333552,Low Risk,24.77
50,0,8014,1,0,Graduate,0.247680524229818,Low Risk,24.77
43,0,8014,1,0,Graduate,0.2476676997786813,Low Risk,24.77
20,1,9670,1,0,Graduate,0.24713525154321042,Low Risk,24.71
18,1,9070,1,0,Graduate,0.2470940562733818,Low Risk,24.71
18,1,171,1,0,Graduate,0.24702449161713105,Low Risk,24.7
18,0,9853,1,0,Graduate,0.24682923572224647,Low Risk,24.68
23,1,9254,1,0,Enrolled,0.2467520464248562,Low Risk,24.68
19,0,9238,1,0,Graduate,0.24644563494294827,Low Risk,24.64
18,1,9119,1,0,Enrolled,0.24643015636936688,Low Risk,24.64
18,0,9254,1,0,Graduate,0.2464196445286583,Low Risk,24.64
18,1,9773,1,0,Graduate,0.24640143583962174,Low Risk,24.64
19,1,9500,1,0,Enrolled,0.24624638427037662,Low Risk,24.62
20,0,9085,1,0,Dropout,0.246175955977657,Low Risk,24.62
18,0,9130,1,0,Graduate,0.24616271298320613,Low Risk,24.62
19,0,9147,1,0,Dropout,0.24606298432856394,Low Risk,24.61
18,0,9500,1,0,Dropout,0.24595453049938418,Low Risk,24.6
20,0,9085,1,0,Graduate,0.2458972175793402,Low Risk,24.59
37,0,8014,1,0,Graduate,0.24569912893642418,Low Risk,24.57
18,0,9500,1,0,Graduate,0.24552650859967798,Low Risk,24.55
21,1,9003,1,0,Graduate,0.24548676158401095,Low Risk,24.55
32,1,9147,1,0,Enrolled,0.24547148217394082,Low Risk,24.55
19,0,9238,1,0,Graduate,0.2454102764995068,Low Risk,24.54
28,0,9991,1,0,Enrolled,0.24536036062789465,Low Risk,24.54
20,0,9238,1,0,Graduate,0.2453074956769736,Low Risk,24.53
20,0,9070,1,0,Graduate,0.24498972814243875,Low Risk,24.5
19,0,9085,1,0,Graduate,0.24494561424978273,Low Risk,24.49
20,1,9147,1,0,Enrolled,0.24468788753568133,Low Risk,24.47
19,1,9085,1,0,Graduate,0.2442220434327948,Low Risk,24.42
19,0,9853,1,0,Enrolled,0.24418585959341566,Low Risk,24.42
49,1,9773,1,1,Graduate,0.24402401932505013,Low Risk,24.4
21,0,9238,1,0,Graduate,0.24396559143348467,Low Risk,24.4
22,0,9085,1,0,Dropout,0.24396074224586198,Low Risk,24.4
22,0,8014,1,0,Graduate,0.2438510173304883,Low Risk,24.39
18,1,9130,1,0,Graduate,0.24362331565023662,Low Risk,24.36
29,0,8014,1,0,Graduate,0.24322849683487557,Low Risk,24.32
23,0,9070,1,0,Graduate,0.2432037944502252,Low Risk,24.32
20,0,9254,1,0,Graduate,0.24317261259290948,Low Risk,24.32
20,0,9670,1,0,Graduate,0.24315861711874093,Low Risk,24.32
29,0,8014,1,0,Graduate,0.2430663733594949,Low Risk,24.31
18,1,9085,1,0,Enrolled,0.243065448358135,Low Risk,24.31
21,1,9147,1,0,Dropout,0.2430105067807455,Low Risk,24.3
19,1,9070,1,0,Graduate,0.2429090842139806,Low Risk,24.29
18,1,9119,1,0,Enrolled,0.2428646464128252,Low Risk,24.29
19,0,9254,1,0,Graduate,0.2427714409955163,Low Risk,24.28
18,1,9070,1,0,Graduate,0.24273296552592674,Low Risk,24.27
19,0,9670,1,0,Graduate,0.24272810669974734,Low Risk,24.27
19,0,9238,1,0,Graduate,0.24261557313866422,Low Risk,24.26
19,1,9238,1,0,Graduate,0.24251687122983737,Low Risk,24.25
21,1,9254,1,0,Graduate,0.24250586924824352,Low Risk,24.25
18,1,9147,1,0,Enrolled,0.242346147448117,Low Risk,24.23
20,0,9500,1,0,Graduate,0.24227781363779538,Low Risk,24.23
19,0,9147,1,0,Graduate,0.24224415320871132,Low Risk,24.22
21,1,9670,1,0,Graduate,0.24218249896362518,Low Risk,24.22
19,1,171,1,0,Enrolled,0.24205122760854925,Low Risk,24.21
19,0,9238,1,0,Graduate,0.24204114858966835,Low Risk,24.2
20,1,9254,1,0,Enrolled,0.24201575925651514,Low Risk,24.2
19,0,9238,1,0,Graduate,0.2420050485900507,Low Risk,24.2
19,1,171,1,0,Graduate,0.24169929005531693,Low Risk,24.17
19,0,9147,1,0,Enrolled,0.24154813952535145,Low Risk,24.15
18,1,171,1,0,Enrolled,0.24143564694900094,Low Risk,24.14
18,1,9119,1,0,Enrolled,0.24111593910373194,Low Risk,24.11
18,0,9853,1,1,Graduate,0.2411149874577247,Low Risk,24.11
18,0,9500,1,0,Graduate,0.24098245584234707,Low Risk,24.1
19,0,9238,1,1,Dropout,0.2408285862252352,Low Risk,24.08
20,0,9238,1,0,Dropout,0.2406258992058451,Low Risk,24.06
18,1,9500,1,0,Graduate,0.24047282098135728,Low Risk,24.05
20,1,9147,1,0,Enrolled,0.24033539226131848,Low Risk,24.03
18,0,9853,1,0,Enrolled,0.2403242596055103,Low Risk,24.03
20,0,9773,1,0,Graduate,0.23991696579357977,Low Risk,23.99
19,1,9147,1,0,Enrolled,0.23987315431249007,Low Risk,23.99
20,1,9500,1,0,Enrolled,0.23970215208398685,Low Risk,23.97
18,0,9238,1,0,Graduate,0.23956095929556115,Low Risk,23.96
18,1,9670,1,0,Dropout,0.23942928456249077,Low Risk,23.94
19,1,171,1,0,Graduate,0.23921158799723807,Low Risk,23.92
21,0,9003,1,0,Graduate,0.2391145076866105,Low Risk,23.91
18,1,9147,1,0,Graduate,0.23899221941821858,Low Risk,23.9
23,1,9500,1,0,Graduate,0.2389357108411052,Low Risk,23.89
18,0,9670,1,0,Graduate,0.23893178250314573,Low Risk,23.89
18,0,9670,1,0,Graduate,0.23892194969783204,Low Risk,23.89
18,1,9500,1,0,Dropout,0.23890435418246725,Low Risk,23.89
19,0,9147,1,0,Enrolled,0.23886795854318407,Low Risk,23.89
18,1,9773,1,0,Graduate,0.23882395077455912,Low Risk,23.88
20,1,9147,1,0,Enrolled,0.23877241976116367,Low Risk,23.88
20,0,9500,1,0,Graduate,0.2386573637247733,Low Risk,23.87
22,1,171,1,0,Enrolled,0.23834982248146006,Low Risk,23.83
20,1,9119,1,0,Enrolled,0.23820859742790781,Low Risk,23.82
20,0,9556,1,0,Graduate,0.23818798223288584,Low Risk,23.82
31,0,9991,1,0,Graduate,0.23812317473042446,Low Risk,23.81
20,0,9147,1,0,Enrolled,0.23800476645144525,Low Risk,23.8
20,0,8014,1,1,Graduate,0.23795403844096902,Low Risk,23.8
18,1,9119,1,0,Graduate,0.23795259069105956,Low Risk,23.8
21,1,171,1,0,Graduate,0.237946752695111,Low Risk,23.79
18,0,9238,1,0,Graduate,0.2377283993275118,Low Risk,23.77
37,0,8014,1,0,Graduate,0.23772785792243104,Low Risk,23.77
20,0,9070,1,0,Graduate,0.23771636963430154,Low Risk,23.77
37,1,8014,1,1,Graduate,0.23768394184933336,Low Risk,23.77
19,1,9238,1,0,Dropout,0.23763647682538255,Low Risk,23.76
20,1,9003,1,0,Graduate,0.23761071749197743,Low Risk,23.76
22,0,9147,1,0,Graduate,0.2375514551360856,Low Risk,23.76
27,0,9991,1,0,Enrolled,0.23743597290752944,Low Risk,23.74
22,0,9130,1,0,Graduate,0.2374067197475875,Low Risk,23.74
24,0,9003,1,0,Enrolled,0.2373980606776314,Low Risk,23.74
23,1,9147,1,0,Enrolled,0.2373660487760518,Low Risk,23.74
41,1,9119,1,0,Enrolled,0.23735046479883526,Low Risk,23.74
43,0,9003,1,0,Graduate,0.2373223152060326,Low Risk,23.73
19,0,9500,1,0,Graduate,0.23712772368136278,Low Risk,23.71
45,0,8014,1,0,Graduate,0.2370719381881938,Low Risk,23.71
28,0,9991,1,0,Graduate,0.23701581087670617,Low Risk,23.7
18,1,9147,1,0,Enrolled,0.23700953848359493,Low Risk,23.7
36,0,9003,1,0,Graduate,0.23680841082086768,Low Risk,23.68
19,1,171,1,0,Graduate,0.23674895844731,Low Risk,23.67
23,0,9085,1,0,Enrolled,0.23644231557574177,Low Risk,23.64
19,0,9238,1,0,Graduate,0.23643239533468827,Low Risk,23.64
24,0,9500,1,0,Enrolled,0.23632764244967105,Low Risk,23.63
29,0,9500,1,0,Graduate,0.2361784715677715,Low Risk,23.62
21,1,9254,1,0,Enrolled,0.2361164479743501,Low Risk,23.61
22,0,9085,1,0,Graduate,0.2359515174722122,Low Risk,23.6
21,0,9500,1,0,Graduate,0.23593468709547258,Low Risk,23.59
21,0,9130,1,0,Dropout,0.23576559224336163,Low Risk,23.58
50,0,9003,1,0,Graduate,0.23570050139567042,Low Risk,23.57
20,1,9773,1,0,Graduate,0.2356803544455792,Low Risk,23.57
19,0,9130,1,0,Graduate,0.23564329744496354,Low Risk,23.56
19,0,9773,1,0,Dropout,0.2355420148835728,Low Risk,23.55
21,0,9500,1,0,Graduate,0.2355407556925928,Low Risk,23.55
20,1,9500,1,0,Dropout,0.23525121229282242,Low Risk,23.53
18,0,9500,1,0,Dropout,0.23523139004296828,Low Risk,23.52
18,1,9500,1,0,Dropout,0.23514748886154924,Low Risk,23.51
19,0,9500,1,0,Dropout,0.23511146205480235,Low Risk,23.51
19,0,9853,1,0,Graduate,0.23496447886676458,Low Risk,23.5
19,0,9500,1,0,Graduate,0.2348753866666462,Low Risk,23.49
18,0,9085,1,0,Dropout,0.23482977821972298,Low Risk,23.48
20,0,9500,1,0,Graduate,0.2347043729447892,Low Risk,23.47
20,0,9670,1,0,Graduate,0.2345424220216011,Low Risk,23.45
18,0,9500,1,0,Dropout,0.2345063957699398,Low Risk,23.45
18,0,9500,1,0,Graduate,0.23428614353779043,Low Risk,23.43
54,1,8014,1,0,Graduate,0.2339314619053036,Low Risk,23.39
18,1,9085,1,0,Dropout,0.2337867930624778,Low Risk,23.38
21,0,9238,1,0,Enrolled,0.23373472250757177,Low Risk,23.37
18,1,9500,1,0,Enrolled,0.23355701727760037,Low Risk,23.36
20,1,9147,1,0,Enrolled,0.2333234245291811,Low Risk,23.33
39,0,8014,1,0,Graduate,0.2332679357519224,Low Risk,23.33
19,1,9773,1,0,Graduate,0.2330424535394256,Low Risk,23.3
19,1,9003,1,0,Graduate,0.23300742490973755,Low Risk,23.3
18,0,171,1,0,Graduate,0.23268052898665031,Low Risk,23.27
20,0,9670,1,0,Graduate,0.23264743627397047,Low Risk,23.26
18,0,9670,1,0,Graduate,0.23257825017486594,Low Risk,23.26
19,1,9238,1,0,Graduate,0.23211945105171924,Low Risk,23.21
19,1,9070,1,0,Graduate,0.2318507314093506,Low Risk,23.19
20,1,9119,1,0,Dropout,0.23172850899263545,Low Risk,23.17
21,1,9003,1,0,Graduate,0.23158020217359584,Low Risk,23.16
18,0,9853,1,0,Enrolled,0.23153119061872987,Low Risk,23.15
38,1,9070,1,0,Enrolled,0.23151639306837288,Low Risk,23.15
26,0,8014,1,0,Graduate,0.23130540696887156,Low Risk,23.13
20,0,9853,1,0,Graduate,0.23100389543219246,Low Risk,23.1
22,0,8014,1,0,Graduate,0.23076046095482272,Low Risk,23.08
18,1,9147,1,0,Enrolled,0.23068587381671596,Low Risk,23.07
21,0,9773,1,0,Graduate,0.23026110661720323,Low Risk,23.03
20,0,9773,1,0,Graduate,0.23025180307586826,Low Risk,23.03
22,1,9070,1,0,Graduate,0.23017937402600092,Low Risk,23.02
24,0,9238,1,0,Enrolled,0.23013474505873435,Low Risk,23.01
18,1,9119,1,0,Enrolled,0.2300467845603143,Low Risk,23.0
19,1,9147,1,0,Enrolled,0.23004426063975927,Low Risk,23.0
19,1,171,1,0,Enrolled,0.22998512967027643,Low Risk,23.0
19,1,171,1,0,Graduate,0.22996918263490765,Low Risk,23.0
18,0,9238,1,0,Graduate,0.2299147306431152,Low Risk,22.99
45,0,8014,1,0,Enrolled,0.22986062310418848,Low Risk,22.99
23,1,9773,1,0,Enrolled,0.22975257448370492,Low Risk,22.98
23,0,9991,1,0,Graduate,0.2297265776979175,Low Risk,22.97
20,0,9500,1,0,Graduate,0.22962625359417121,Low Risk,22.96
19,0,9773,1,1,Graduate,0.22961951803622918,Low Risk,22.96
20,0,9500,1,0,Graduate,0.22957246879563892,Low Risk,22.96
19,1,9147,1,0,Graduate,0.2294996617362351,Low Risk,22.95
21,0,9556,1,0,Dropout,0.2294887642336389,Low Risk,22.95
26,0,9991,1,0,Graduate,0.2293698523200986,Low Risk,22.94
18,1,9238,1,0,Graduate,0.22931464060959716,Low Risk,22.93
21,1,9085,1,0,Enrolled,0.22920911160893118,Low Risk,22.92
20,1,9773,1,0,Graduate,0.22906250960303964,Low Risk,22.91
18,1,9003,1,0,Graduate,0.22893929203173127,Low Risk,22.89
20,0,9238,1,0,Enrolled,0.22889734041361515,Low Risk,22.89
19,1,9070,1,0,Graduate,0.22888796062337746,Low Risk,22.89
23,0,9238,1,1,Graduate,0.22880460934855554,Low Risk,22.88
19,0,9670,1,0,Enrolled,0.22880453777310328,Low Risk,22.88
21,1,9670,1,0,Dropout,0.22876308438625229,Low Risk,22.88
44,1,8014,1,0,Enrolled,0.22864344426016797,Low Risk,22.86
43,0,9991,1,0,Enrolled,0.228638241665839,Low Risk,22.86
21,1,9670,1,0,Dropout,0.22860396653223244,Low Risk,22.86
19,1,9085,1,0,Dropout,0.22859649901524798,Low Risk,22.86
20,0,9500,1,0,Graduate,0.22857505953219728,Low Risk,22.86
20,1,9003,1,0,Enrolled,0.22847891376617815,Low Risk,22.85
20,0,171,1,0,Graduate,0.22840625351463562,Low Risk,22.84
18,0,9500,1,0,Graduate,0.22840325279925938,Low Risk,22.84
18,1,9773,1,0,Graduate,0.22821775495351007,Low Risk,22.82
21,0,171,1,0,Dropout,0.22821031087232005,Low Risk,22.82
19,0,9500,1,0,Dropout,0.22812245988381233,Low Risk,22.81
19,0,9147,1,0,Dropout,0.22781618716075785,Low Risk,22.78
20,0,9773,1,0,Graduate,0.22780035324782652,Low Risk,22.78
18,0,171,1,0,Graduate,0.2276392732308206,Low Risk,22.76
21,0,9991,1,1,Enrolled,0.22762774150881684,Low Risk,22.76
19,1,9070,1,0,Graduate,0.22752305516218302,Low Risk,22.75
19,0,9853,1,0,Graduate,0.22745065511994264,Low Risk,22.75
18,0,9773,1,1,Graduate,0.2271096129187194,Low Risk,22.71
18,1,9254,1,1,Graduate,0.2270128920075077,Low Risk,22.7
22,0,9254,1,0,Enrolled,0.22663575588162663,Low Risk,22.66
18,1,9773,1,0,Enrolled,0.22658800889449895,Low Risk,22.66
18,0,9500,1,0,Graduate,0.22643428451715905,Low Risk,22.64
19,1,9119,1,0,Enrolled,0.22628817947534186,Low Risk,22.63
20,1,9003,1,0,Graduate,0.2260796598187618,Low Risk,22.61
20,0,9147,1,0,Enrolled,0.2259415101047872,Low Risk,22.59
20,1,9130,1,0,Enrolled,0.2259241615072747,Low Risk,22.59
18,0,9070,1,0,Enrolled,0.22589865049650176,Low Risk,22.59
37,1,8014,1,0,Graduate,0.2258852998340099,Low Risk,22.59
19,0,9670,1,0,Graduate,0.22587744455831,Low Risk,22.59
20,0,9147,1,0,Graduate,0.22581286823581936,Low Risk,22.58
19,0,9147,1,0,Graduate,0.22579111949913613,Low Risk,22.58
19,1,9670,1,0,Enrolled,0.22571286664204643,Low Risk,22.57
18,1,9147,1,0,Enrolled,0.22560810739420772,Low Risk,22.56
44,1,8014,1,0,Graduate,0.22543129112902469,Low Risk,22.54
18,0,9500,1,0,Graduate,0.22534568937016475,Low Risk,22.53
24,0,9991,1,0,Enrolled,0.22534273132166338,Low Risk,22.53
18,1,9085,1,0,Graduate,0.2253403971810452,Low Risk,22.53
18,0,9670,1,0,Graduate,0.22533417133364128,Low Risk,22.53
24,0,171,1,0,Enrolled,0.22512495053573606,Low Risk,22.51
20,0,9500,1,0,Graduate,0.22494747527431946,Low Risk,22.49
19,0,9238,1,0,Graduate,0.22475639972069072,Low Risk,22.48
20,1,9238,1,0,Dropout,0.224525765263143,Low Risk,22.45
19,1,9070,1,0,Graduate,0.22441744265925487,Low Risk,22.44
19,0,8014,1,0,Graduate,0.22435970282343137,Low Risk,22.44
23,0,9853,1,0,Enrolled,0.22422651888507636,Low Risk,22.42
20,1,9773,1,0,Enrolled,0.223964940441744,Low Risk,22.4
19,0,9853,1,0,Enrolled,0.22368782592430403,Low Risk,22.37
18,0,9147,1,1,Graduate,0.2235728941427842,Low Risk,22.36
21,0,9238,1,0,Graduate,0.22348737829375867,Low Risk,22.35
21,0,9147,1,0,Enrolled,0.22347967045637485,Low Risk,22.35
18,0,9254,1,0,Graduate,0.22344685320484015,Low Risk,22.34
20,0,9853,1,0,Enrolled,0.22336816064502887,Low Risk,22.34
19,0,9238,1,0,Dropout,0.2232644382930114,Low Risk,22.33
18,0,9853,1,0,Enrolled,0.2231903657172551,Low Risk,22.32
23,1,9119,1,0,Enrolled,0.2230716126505978,Low Risk,22.31
18,0,9130,1,1,Graduate,0.22306366571210987,Low Risk,22.31
21,1,9085,1,1,Graduate,0.22295726298561283,Low Risk,22.3
20,0,8014,1,0,Graduate,0.2227629595341555,Low Risk,22.28
22,1,9773,1,0,Enrolled,0.2227346734474133,Low Risk,22.27
19,0,9773,1,0,Graduate,0.22267696730172348,Low Risk,22.27
21,1,171,1,0,Enrolled,0.22264870103478604,Low Risk,22.26
21,1,9147,1,0,Enrolled,0.22261947381243397,Low Risk,22.26
20,0,9254,1,0,Enrolled,0.22258985832944722,Low Risk,22.26
24,1,9991,1,1,Graduate,0.22240312677721935,Low Risk,22.24
21,0,9130,1,0,Graduate,0.22239703824466997,Low Risk,22.24
20,0,9070,1,0,Graduate,0.22237626160696333,Low Risk,22.24
18,0,9853,1,0,Graduate,0.22232878304470402,Low Risk,22.23
19,0,9670,1,0,Graduate,0.22206320545179303,Low Risk,22.21
53,0,9147,1,0,Enrolled,0.22206239937891833,Low Risk,22.21
18,0,9853,1,0,Graduate,0.22192208221436127,Low Risk,22.19
18,0,9773,1,0,Graduate,0.221790426495276,Low Risk,22.18
18,0,9853,1,0,Graduate,0.22169376361612353,Low Risk,22.17
20,0,9238,1,0,Enrolled,0.22163207280114958,Low Risk,22.16
22,0,9670,1,0,Dropout,0.22155589060907768,Low Risk,22.16
19,1,9119,1,0,Enrolled,0.2213189879619627,Low Risk,22.13
22,0,9254,1,0,Graduate,0.22129331017731702,Low Risk,22.13
21,0,9130,1,0,Graduate,0.22129194290844578,Low Risk,22.13
18,1,9119,1,0,Enrolled,0.22126324709811593,Low Risk,22.13
21,1,9130,1,0,Graduate,0.2212154344331142,Low Risk,22.12
19,0,9500,1,0,Graduate,0.2211322838946143,Low Risk,22.11
20,0,9070,1,0,Graduate,0.22102045989410957,Low Risk,22.1
19,1,9119,1,0,Enrolled,0.22084115024468023,Low Risk,22.08
35,0,8014,1,1,Graduate,0.22069434922494632,Low Risk,22.07
20,0,8014,1,0,Graduate,0.2206515815480489,Low Risk,22.07
22,1,9003,1,0,Enrolled,0.22060509507273796,Low Risk,22.06
20,0,9254,1,0,Graduate,0.2205846968243923,Low Risk,22.06
18,1,9070,1,0,Enrolled,0.22058165507697086,Low Risk,22.06
18,1,9254,1,0,Graduate,0.22055535153675024,Low Risk,22.06
20,1,9500,1,0,Graduate,0.22052850463959006,Low Risk,22.05
20,0,9773,1,0,Graduate,0.22052808210483912,Low Risk,22.05
19,0,9773,1,0,Graduate,0.2205101063646178,Low Risk,22.05
27,1,9147,1,0,Enrolled,0.2203605159652205,Low Risk,22.04
18,0,9147,1,0,Dropout,0.22035399091148805,Low Risk,22.04
19,1,171,1,0,Enrolled,0.22031008617115408,Low Risk,22.03
20,0,9147,1,0,Enrolled,0.220244927592161,Low Risk,22.02
22,0,9670,1,0,Enrolled,0.2201524714750376,Low Risk,22.02
21,1,9254,1,0,Graduate,0.22005651660185946,Low Risk,22.01
21,1,9085,1,0,Enrolled,0.21999998568585913,Low Risk,22.0
19,0,9500,1,0,Graduate,0.21976427345210287,Low Risk,21.98
19,0,9003,1,1,Graduate,0.2196567019840023,Low Risk,21.97
23,1,9147,1,0,Enrolled,0.21965085412545474,Low Risk,21.97
18,0,9254,1,0,Dropout,0.21963100647041123,Low Risk,21.96
20,0,9254,1,0,Graduate,0.21959234895272503,Low Risk,21.96
19,0,9147,1,0,Graduate,0.21957573339849681,Low Risk,21.96
19,1,9670,1,0,Graduate,0.21955893135011068,Low Risk,21.96
19,0,9853,1,0,Enrolled,0.2194090379834993,Low Risk,21.94
18,0,9500,1,0,Graduate,0.21936880601126504,Low Risk,21.94
19,0,9238,1,0,Graduate,0.21904724365463074,Low Risk,21.9
21,0,9254,1,0,Graduate,0.21899762994797103,Low Risk,21.9
18,0,9238,1,0,Graduate,0.21887946182837317,Low Risk,21.89
19,0,9130,1,0,Graduate,0.2184476945704734,Low Risk,21.84
21,0,9500,1,0,Graduate,0.21839438233750824,Low Risk,21.84
21,1,9003,1,0,Enrolled,0.21838012470553209,Low Risk,21.84
18,0,9500,1,0,Enrolled,0.21825649303371905,Low Risk,21.83
20,0,9670,1,0,Graduate,0.21792252854615887,Low Risk,21.79
18,1,9119,1,0,Enrolled,0.21790501911403504,Low Risk,21.79
19,1,9147,1,0,Graduate,0.21769406751583756,Low Risk,21.77
22,0,9238,1,0,Enrolled,0.21759910356329218,Low Risk,21.76
19,1,9500,1,0,Graduate,0.2174562297284068,Low Risk,21.75
18,1,9500,1,0,Dropout,0.21727576935045745,Low Risk,21.73
19,1,171,1,0,Graduate,0.21726799175214032,Low Risk,21.73
19,1,9119,1,0,Enrolled,0.2169569507911782,Low Risk,21.7
19,1,9670,1,0,Enrolled,0.2168889860571273,Low Risk,21.69
20,0,9670,1,0,Graduate,0.2168651153626791,Low Risk,21.69
19,0,9670,1,0,Enrolled,0.2168648220942018,Low Risk,21.69
20,0,9254,1,0,Dropout,0.21680899086612734,Low Risk,21.68
19,1,9238,1,0,Dropout,0.21668965258385234,Low Risk,21.67
19,0,9147,1,0,Graduate,0.21665703185560964,Low Risk,21.67
18,0,9085,1,0,Graduate,0.21662201618001053,Low Risk,21.66
19,0,9853,1,0,Enrolled,0.21662034832498922,Low Risk,21.66
22,1,9003,1,0,Enrolled,0.2166175361794443,Low Risk,21.66
20,1,9119,1,0,Enrolled,0.21595997436527442,Low Risk,21.6
19,0,9500,1,0,Graduate,0.2159039626501966,Low Risk,21.59
19,0,9238,1,0,Graduate,0.2157513560446157,Low Risk,21.58
27,0,9500,1,1,Enrolled,0.21570191330452723,Low Risk,21.57
19,1,9670,1,0,Enrolled,0.21539121720720547,Low Risk,21.54
23,0,9500,1,0,Graduate,0.21533563676142603,Low Risk,21.53
20,1,8014,1,0,Graduate,0.21523957471924096,Low Risk,21.52
23,1,9500,1,0,Graduate,0.21481548349633345,Low Risk,21.48
20,1,9003,1,0,Graduate,0.2147057843024629,Low Risk,21.47
21,0,171,1,0,Graduate,0.21464147912795456,Low Risk,21.46
18,0,9670,1,0,Graduate,0.21458216819092102,Low Risk,21.46
35,0,9991,1,0,Graduate,0.2143966482786042,Low Risk,21.44
20,0,171,1,0,Graduate,0.21434669425095462,Low Risk,21.43
18,1,9147,1,0,Enrolled,0.21425352946622234,Low Risk,21.43
19,0,9147,1,0,Graduate,0.21421960320011288,Low Risk,21.42
21,1,9003,1,0,Graduate,0.21392823342788422,Low Risk,21.39
18,0,9500,1,0,Dropout,0.21373707349048474,Low Risk,21.37
20,1,9238,1,0,Enrolled,0.21352816226422677,Low Risk,21.35
18,0,9500,1,0,Graduate,0.21342763688228017,Low Risk,21.34
19,0,9500,1,0,Graduate,0.21339738941323322,Low Risk,21.34
18,0,171,1,0,Graduate,0.21338416625926698,Low Risk,21.34
20,0,9085,1,0,Graduate,0.21338193898614805,Low Risk,21.34
19,0,8014,1,0,Graduate,0.2133786135576207,Low Risk,21.34
25,0,9556,1,0,Enrolled,0.21334302641892672,Low Risk,21.33
20,1,9773,1,0,Enrolled,0.21333590550253603,Low Risk,21.33
18,0,9500,1,1,Dropout,0.21328911302330414,Low Risk,21.33
24,1,9556,1,0,Graduate,0.2129292436911336,Low Risk,21.29
20,1,9130,1,0,Graduate,0.21272168370323347,Low Risk,21.27
18,0,9853,1,0,Graduate,0.2126835179529122,Low Risk,21.27
20,1,9147,1,0,Enrolled,0.21258329266977752,Low Risk,21.26
18,1,9773,1,0,Graduate,0.21257070859180674,Low Risk,21.26
18,0,9238,1,0,Graduate,0.21256036500660544,Low Risk,21.26
19,1,9003,1,0,Graduate,0.21245110468769404,Low Risk,21.25
18,0,9500,1,0,Graduate,0.2123947729077248,Low Risk,21.24
18,0,9070,1,0,Dropout,0.21225385048468373,Low Risk,21.23
20,0,9670,1,0,Graduate,0.21224907266375445,Low Risk,21.22
18,0,9238,1,0,Enrolled,0.21218892891203234,Low Risk,21.22
20,1,9773,1,0,Graduate,0.21210149168507725,Low Risk,21.21
21,1,9085,1,0,Enrolled,0.2120721411579047,Low Risk,21.21
19,0,9085,1,0,Enrolled,0.21200195718192305,Low Risk,21.2
21,1,171,1,0,Graduate,0.21199933656422357,Low Risk,21.2
44,0,8014,1,0,Graduate,0.21190767390089732,Low Risk,21.19
19,0,9254,1,0,Graduate,0.21186617385705256,Low Risk,21.19
19,0,9085,1,0,Graduate,0.21181391224631943,Low Risk,21.18
20,1,9070,1,0,Graduate,0.21176959900532266,Low Risk,21.18
18,0,9773,1,0,Graduate,0.21162624446374753,Low Risk,21.16
20,1,9147,1,0,Graduate,0.21135159689681202,Low Risk,21.14
18,0,9085,1,0,Graduate,0.21129678109857408,Low Risk,21.13
18,0,9085,1,0,Graduate,0.21123847779802157,Low Risk,21.12
47,0,8014,1,1,Graduate,0.21107336328159765,Low Risk,21.11
23,1,9003,1,0,Enrolled,0.21106176646640015,Low Risk,21.11
21,0,9853,1,0,Graduate,0.21103365468643112,Low Risk,21.1
22,1,9991,1,0,Graduate,0.21100058564078072,Low Risk,21.1
18,0,9238,1,0,Graduate,0.2108039156434224,Low Risk,21.08
22,0,9500,1,0,Graduate,0.21075544552915745,Low Risk,21.08
22,0,9773,1,0,Graduate,0.21073568692593816,Low Risk,21.07
20,1,9147,1,1,Graduate,0.21061983762237943,Low Risk,21.06
19,0,9670,1,0,Graduate,0.21059660115800033,Low Risk,21.06
18,1,9500,1,1,Graduate,0.2104705085501278,Low Risk,21.05
19,0,9773,1,1,Dropout,0.21034050118527006,Low Risk,21.03
20,1,9147,1,0,Enrolled,0.21033249981152963,Low Risk,21.03
18,0,9254,1,0,Graduate,0.21020779691007266,Low Risk,21.02
18,1,9070,1,0,Graduate,0.21015024750788694,Low Risk,21.02
20,0,9147,1,0,Dropout,0.21014689668103712,Low Risk,21.01
19,1,9119,1,0,Enrolled,0.21007497924363683,Low Risk,21.01
21,0,9238,1,0,Graduate,0.21004006484724275,Low Risk,21.0
18,0,9773,1,0,Graduate,0.20992585637345493,Low Risk,20.99
20,0,9238,1,0,Graduate,0.20988670163985176,Low Risk,20.99
19,1,9773,1,0,Graduate,0.20976836039593677,Low Risk,20.98
19,1,9147,1,0,Graduate,0.2097419938076935,Low Risk,20.97
18,1,9670,1,0,Dropout,0.20968410402450272,Low Risk,20.97
30,0,9991,1,0,Enrolled,0.20966441189070736,Low Risk,20.97
19,0,9147,1,0,Graduate,0.20947855391529055,Low Risk,20.95
19,0,9085,1,0,Graduate,0.20946368561149104,Low Risk,20.95
21,0,9085,1,0,Graduate,0.20938815830968022,Low Risk,20.94
18,1,171,1,0,Graduate,0.20930252264695928,Low Risk,20.93
21,1,9003,1,0,Graduate,0.20926577202886174,Low Risk,20.93
18,0,9670,1,0,Graduate,0.20916250994118787,Low Risk,20.92
20,0,9500,1,0,Graduate,0.20914277734308265,Low Risk,20.91
20,0,9003,1,0,Enrolled,0.2089020548934396,Low Risk,20.89
19,1,9147,1,0,Graduate,0.20887690156706246,Low Risk,20.89
18,0,9773,1,0,Graduate,0.20873896612273446,Low Risk,20.87
19,1,9500,1,0,Graduate,0.20854871429315971,Low Risk,20.85
19,1,9003,1,0,Graduate,0.20836732585721957,Low Risk,20.84
22,0,9085,1,0,Graduate,0.20829139730625632,Low Risk,20.83
20,0,9500,1,0,Enrolled,0.20824519932513963,Low Risk,20.82
34,1,9991,1,0,Graduate,0.20818652338225022,Low Risk,20.82
20,1,171,1,1,Graduate,0.20814752624088215,Low Risk,20.81
21,1,9238,1,0,Graduate,0.20797082158040525,Low Risk,20.8
20,1,9500,1,0,Graduate,0.20782878633330829,Low Risk,20.78
20,0,9085,1,0,Enrolled,0.20770921025827738,Low Risk,20.77
20,0,9130,1,0,Graduate,0.20765342715623894,Low Risk,20.77
21,0,171,1,0,Graduate,0.20756543148733214,Low Risk,20.76
19,0,9238,1,0,Graduate,0.20753983476195403,Low Risk,20.75
20,0,171,1,0,Enrolled,0.20749591400569484,Low Risk,20.75
18,0,9500,1,0,Graduate,0.2073797375193471,Low Risk,20.74
18,1,9238,1,0,Graduate,0.2073748651488579,Low Risk,20.74
19,1,9070,1,1,Graduate,0.20737392405365648,Low Risk,20.74
19,0,9238,1,0,Graduate,0.20724634102651118,Low Risk,20.72
19,0,9147,1,1,Graduate,0.20718894557072737,Low Risk,20.72
18,1,9119,1,1,Graduate,0.20718503633829088,Low Risk,20.72
19,0,171,1,0,Enrolled,0.20716212587714714,Low Risk,20.72
18,1,9500,1,0,Graduate,0.20702213765320068,Low Risk,20.7
20,1,171,1,0,Dropout,0.2069330116130462,Low Risk,20.69
19,1,9773,1,0,Graduate,0.20686418126941178,Low Risk,20.69
20,0,9500,1,0,Graduate,0.20667386245520267,Low Risk,20.67
18,0,9773,1,0,Graduate,0.20665750815788153,Low Risk,20.67
32,0,9853,1,1,Graduate,0.20663018033969666,Low Risk,20.66
20,0,9070,1,0,Graduate,0.20644371572827758,Low Risk,20.64
18,0,9500,1,0,Graduate,0.2063697981654138,Low Risk,20.64
32,1,9991,1,1,Graduate,0.20628864318993226,Low Risk,20.63
20,0,9556,1,0,Graduate,0.20628482113688268,Low Risk,20.63
22,1,9147,1,1,Enrolled,0.2062057068737026,Low Risk,20.62
19,1,9670,1,0,Graduate,0.2061684990453721,Low Risk,20.62
19,0,9500,1,0,Graduate,0.206128080372298,Low Risk,20.61
21,0,9773,1,0,Enrolled,0.20610022454131724,Low Risk,20.61
19,0,9500,1,0,Graduate,0.20608985175705716,Low Risk,20.61
20,1,9003,1,0,Enrolled,0.20605999768398814,Low Risk,20.61
19,0,9085,1,0,Graduate,0.20604375950525358,Low Risk,20.6
19,1,9773,1,0,Graduate,0.20595019200791276,Low Risk,20.6
20,1,9254,1,0,Enrolled,0.2059168669510667,Low Risk,20.59
24,1,9119,1,0,Enrolled,0.2057067065202051,Low Risk,20.57
21,0,9500,1,0,Graduate,0.20570567449694602,Low Risk,20.57
21,0,9500,1,0,Graduate,0.20564097815423749,Low Risk,20.56
38,0,8014,1,0,Graduate,0.20560885497833273,Low Risk,20.56
19,0,9147,1,0,Graduate,0.20547452367191185,Low Risk,20.55
18,0,9670,1,0,Graduate,0.20544457480845082,Low Risk,20.54
18,0,9500,1,0,Graduate,0.20540520638209045,Low Risk,20.54
19,0,171,1,0,Dropout,0.20534290131908772,Low Risk,20.53
20,0,9773,1,0,Enrolled,0.20530311690668393,Low Risk,20.53
18,0,9500,1,0,Graduate,0.205295937311025,Low Risk,20.53
19,0,9500,1,0,Graduate,0.2052205182635993,Low Risk,20.52
19,0,9500,1,0,Graduate,0.20516567134338812,Low Risk,20.52
42,0,8014,1,0,Graduate,0.20513533905518502,Low Risk,20.51
19,1,9238,1,0,Graduate,0.20499191753549376,Low Risk,20.5
19,0,9238,1,0,Graduate,0.20495693081001484,Low Risk,20.5
18,1,9500,1,0,Enrolled,0.20488523646321355,Low Risk,20.49
21,0,9147,1,0,Graduate,0.2047083173609168,Low Risk,20.47
18,1,9085,1,0,Enrolled,0.20468006227058985,Low Risk,20.47
18,0,9254,1,0,Graduate,0.20462648689315283,Low Risk,20.46
19,0,9773,1,0,Graduate,0.20455958244234834,Low Risk,20.46
19,0,9500,1,0,Graduate,0.2045437907776406,Low Risk,20.45
22,0,171,1,0,Graduate,0.20444754185490388,Low Risk,20.44
22,1,9147,1,0,Enrolled,0.20444610207093525,Low Risk,20.44
18,0,9500,1,0,Graduate,0.20440507593498508,Low Risk,20.44
20,0,9147,1,0,Graduate,0.2043397562482684,Low Risk,20.43
19,0,9500,1,0,Graduate,0.2041199378600037,Low Risk,20.41
21,1,171,1,0,Enrolled,0.20405381317587268,Low Risk,20.41
20,0,9853,1,0,Enrolled,0.20399888667305058,Low Risk,20.4
18,1,9254,1,0,Graduate,0.20395273406914832,Low Risk,20.4
45,0,8014,1,0,Enrolled,0.2038596292832363,Low Risk,20.39
19,0,9238,1,0,Graduate,0.2038065490508426,Low Risk,20.38
20,0,9254,1,0,Graduate,0.20378876891013997,Low Risk,20.38
19,0,9085,1,0,Graduate,0.20378500315235304,Low Risk,20.38
18,0,8014,1,0,Graduate,0.20347976796857206,Low Risk,20.35
31,0,9991,1,0,Enrolled,0.2034013941557628,Low Risk,20.34
18,0,9070,1,0,Graduate,0.20331560315324304,Low Risk,20.33
18,0,9130,1,0,Enrolled,0.20318288813741298,Low Risk,20.32
22,0,9003,1,0,Enrolled,0.20312741486491298,Low Risk,20.31
18,1,9773,1,0,Graduate,0.2030821420168205,Low Risk,20.31
18,0,9254,1,0,Graduate,0.20307818173766815,Low Risk,20.31
22,0,9853,1,0,Enrolled,0.20297556614603424,Low Risk,20.3
19,1,9670,1,0,Graduate,0.20281288307039919,Low Risk,20.28
18,0,9500,1,0,Graduate,0.20280709935565797,Low Risk,20.28
20,0,9556,1,0,Graduate,0.2027559644387529,Low Risk,20.28
18,0,9238,1,0,Enrolled,0.20271654710995599,Low Risk,20.27
19,1,9147,1,0,Enrolled,0.2026621920834929,Low Risk,20.27
19,0,9085,1,0,Graduate,0.20263791354784663,Low Risk,20.26
20,0,9147,1,0,Graduate,0.20260401963467348,Low Risk,20.26
20,1,9070,1,0,Graduate,0.2023624857070338,Low Risk,20.24
18,0,9773,1,0,Graduate,0.20232759796851799,Low Risk,20.23
19,0,9254,1,0,Graduate,0.20227761011301582,Low Risk,20.23
19,0,9147,1,0,Dropout,0.2021348409002637,Low Risk,20.21
20,1,9003,1,0,Graduate,0.20204465739212282,Low Risk,20.2
22,0,171,1,0,Enrolled,0.2019546124569279,Low Risk,20.2
18,0,9070,1,0,Graduate,0.20194751826194313,Low Risk,20.19
24,1,9119,1,1,Enrolled,0.20183440610479256,Low Risk,20.18
20,0,9500,1,0,Enrolled,0.20179839082861153,Low Risk,20.18
18,0,9670,1,0,Graduate,0.2016325989030911,Low Risk,20.16
19,1,9238,1,0,Graduate,0.20158156014032594,Low Risk,20.16
18,0,9500,1,0,Graduate,0.20156705366458108,Low Risk,20.16
20,0,9085,1,0,Graduate,0.20129433196289315,Low Risk,20.13
19,1,9500,1,0,Graduate,0.20122820731849886,Low Risk,20.12
20,0,9773,1,0,Graduate,0.20118079488233284,Low Risk,20.12
18,0,9085,1,0,Dropout,0.20113880497542055,Low Risk,20.11
20,0,9085,1,0,Graduate,0.2011335064405142,Low Risk,20.11
20,0,9085,0,1,Graduate,0.2010662516477,Low Risk,20.11
20,1,9556,1,0,Graduate,0.20104691031307245,Low Risk,20.1
20,1,171,1,0,Graduate,0.20099214693442533,Low Risk,20.1
19,0,9238,1,0,Graduate,0.20084672931346062,Low Risk,20.08
18,0,9500,1,0,Graduate,0.20066466442412118,Low Risk,20.07
20,0,9147,1,0,Enrolled,0.20064120008470332,Low Risk,20.06
21,0,9147,1,0,Graduate,0.2005522774149741,Low Risk,20.06
19,0,8014,1,0,Graduate,0.20050054902801007,Low Risk,20.05
20,1,9773,1,0,Graduate,0.20039256228156913,Low Risk,20.04
22,0,9085,1,0,Enrolled,0.20035361905910742,Low Risk,20.04
18,1,9254,1,0,Enrolled,0.20027345790468554,Low Risk,20.03
25,1,9670,1,1,Graduate,0.2002076086886258,Low Risk,20.02
20,1,9119,1,0,Enrolled,0.2001934112020436,Low Risk,20.02
18,0,9500,1,0,Graduate,0.20005744594071417,Low Risk,20.01
20,0,9254,1,0,Graduate,0.19980595622320807,Low Risk,19.98
21,0,9670,1,0,Enrolled,0.19963819923105625,Low Risk,19.96
21,0,9003,1,0,Graduate,0.19960540317277395,Low Risk,19.96
18,0,9070,1,0,Enrolled,0.19955111710618786,Low Risk,19.96
18,0,9500,1,0,Graduate,0.19954129839466309,Low Risk,19.95
20,0,9147,1,0,Enrolled,0.1995236615880449,Low Risk,19.95
19,0,9500,1,0,Graduate,0.19939286793788083,Low Risk,19.94
18,1,9070,1,0,Graduate,0.1992903677012522,Low Risk,19.93
18,0,9500,1,0,Graduate,0.19926199752716395,Low Risk,19.93
24,1,9070,1,1,Graduate,0.19925925083289198,Low Risk,19.93
18,0,9238,1,0,Graduate,0.19914874810521563,Low Risk,19.91
18,0,9500,1,0,Graduate,0.19909899909435058,Low Risk,19.91
18,1,9119,1,0,Enrolled,0.1989237229574606,Low Risk,19.89
21,0,9670,1,0,Enrolled,0.19871086528196902,Low Risk,19.87
20,1,9070,1,0,Graduate,0.19870659387518955,Low Risk,19.87
23,1,9254,1,0,Enrolled,0.1985851883166707,Low Risk,19.86
18,0,9500,1,0,Graduate,0.19858335886810857,Low Risk,19.86
20,1,9254,1,0,Graduate,0.19856994819792131,Low Risk,19.86
34,0,8014,1,0,Enrolled,0.1985547640643377,Low Risk,19.86
18,0,9773,1,0,Graduate,0.1984753800740246,Low Risk,19.85
18,0,9853,1,0,Enrolled,0.19837805468094932,Low Risk,19.84
19,0,9238,1,0,Graduate,0.19834425868822061,Low Risk,19.83
21,1,9670,1,0,Enrolled,0.19829484310409115,Low Risk,19.83
18,0,9500,1,0,Graduate,0.19825503673224273,Low Risk,19.83
42,0,9238,1,1,Graduate,0.1982115594788589,Low Risk,19.82
19,0,9070,1,0,Graduate,0.19817822921877642,Low Risk,19.82
19,0,9070,1,0,Graduate,0.19797645377532,Low Risk,19.8
20,0,9773,1,0,Graduate,0.19794802310991685,Low Risk,19.79
20,1,9070,1,0,Enrolled,0.1978580368160504,Low Risk,19.79
21,1,9147,1,0,Enrolled,0.19778201190045813,Low Risk,19.78
22,1,9003,1,0,Graduate,0.19761889376321617,Low Risk,19.76
19,0,9773,1,0,Graduate,0.19750640748650977,Low Risk,19.75
18,1,9773,1,0,Graduate,0.19746619776658222,Low Risk,19.75
22,0,9254,1,0,Enrolled,0.19736663609547064,Low Risk,19.74
19,0,9773,1,0,Graduate,0.19722286575767714,Low Risk,19.72
18,0,9556,1,0,Graduate,0.19705291529253038,Low Risk,19.71
19,0,9238,1,0,Graduate,0.19700467699244723,Low Risk,19.7
23,0,9147,1,0,Graduate,0.19698617128426965,Low Risk,19.7
20,1,9003,1,0,Graduate,0.19698032712058688,Low Risk,19.7
20,1,9147,1,0,Enrolled,0.19692092903499833,Low Risk,19.69
18,0,9085,1,0,Graduate,0.19690607363175075,Low Risk,19.69
19,0,9130,1,0,Enrolled,0.1967102698860688,Low Risk,19.67
20,1,9070,1,0,Enrolled,0.1966407902488783,Low Risk,19.66
19,0,9238,1,0,Graduate,0.1966233988329917,Low Risk,19.66
20,1,9147,1,0,Graduate,0.19661030116118441,Low Risk,19.66
19,0,9147,1,0,Enrolled,0.1965625518143492,Low Risk,19.66
21,0,9254,1,0,Enrolled,0.1964868069028332,Low Risk,19.65
43,0,8014,1,1,Graduate,0.19647263952866248,Low Risk,19.65
20,0,9003,1,1,Graduate,0.19643392185146313,Low Risk,19.64
22,0,9773,1,0,Graduate,0.19637009706139114,Low Risk,19.64
18,0,9773,1,0,Enrolled,0.19623678560092583,Low Risk,19.62
18,0,9238,1,0,Graduate,0.19623144638267115,Low Risk,19.62
18,0,9773,1,0,Graduate,0.19611689408293514,Low Risk,19.61
19,0,9500,1,0,Graduate,0.1961019151562427,Low Risk,19.61
18,0,171,1,0,Enrolled,0.19609446947083314,Low Risk,19.61
19,0,9085,1,0,Graduate,0.1960467853615771,Low Risk,19.6
21,0,9070,1,0,Graduate,0.19593426605156503,Low Risk,19.59
18,0,9853,1,0,Enrolled,0.19587407485789413,Low Risk,19.59
18,0,9147,1,0,Enrolled,0.19579861716259012,Low Risk,19.58
18,0,9773,1,0,Dropout,0.19577577965506987,Low Risk,19.58
19,0,9670,1,0,Graduate,0.19567013976992062,Low Risk,19.57
18,0,9670,1,0,Enrolled,0.19566879340346777,Low Risk,19.57
20,0,9147,1,0,Enrolled,0.19564334029006372,Low Risk,19.56
20,1,9773,1,0,Graduate,0.19551347373259892,Low Risk,19.55
18,1,9119,1,0,Enrolled,0.1953176851473903,Low Risk,19.53
19,0,9147,1,0,Graduate,0.19527548227942182,Low Risk,19.53
19,0,9500,1,0,Graduate,0.19527216963376204,Low Risk,19.53
18,0,9773,1,0,Graduate,0.1950572357739781,Low Risk,19.51
20,1,9147,1,1,Graduate,0.19504647359437072,Low Risk,19.5
42,0,8014,1,0,Enrolled,0.19504065128306786,Low Risk,19.5
21,0,9238,1,0,Graduate,0.1949799305940938,Low Risk,19.5
18,0,9853,1,0,Graduate,0.19486135973744984,Low Risk,19.49
19,0,9085,1,0,Graduate,0.19480993190824084,Low Risk,19.48
18,0,9853,1,0,Enrolled,0.19478849935164314,Low Risk,19.48
19,1,9130,1,0,Enrolled,0.1947714319914731,Low Risk,19.48
18,1,9500,1,1,Graduate,0.1947656660294472,Low Risk,19.48
19,0,9238,1,0,Graduate,0.19472444152182378,Low Risk,19.47
18,0,171,1,0,Enrolled,0.19465828292900353,Low Risk,19.47
20,1,9500,1,0,Graduate,0.19456167328405982,Low Risk,19.46
18,0,9238,1,0,Graduate,0.19448189668809818,Low Risk,19.45
18,0,9773,1,0,Enrolled,0.19447144777031802,Low Risk,19.45
21,1,9670,1,0,Graduate,0.19439609217951181,Low Risk,19.44
19,0,9500,1,0,Graduate,0.1942401579776024,Low Risk,19.42
18,0,9238,1,0,Graduate,0.1942085390987372,Low Risk,19.42
20,1,9003,1,0,Enrolled,0.19412707774425808,Low Risk,19.41
18,0,9147,1,0,Graduate,0.19399699584594063,Low Risk,19.4
21,1,9003,1,0,Graduate,0.1938758066054712,Low Risk,19.39
19,0,9773,1,0,Graduate,0.1938707643546349,Low Risk,19.39
19,1,9130,1,0,Enrolled,0.1937812902982826,Low Risk,19.38
19,1,9254,1,0,Enrolled,0.19374956487529138,Low Risk,19.37
20,1,9147,1,0,Enrolled,0.19373980280336286,Low Risk,19.37
22,0,9085,1,0,Graduate,0.1936106923423846,Low Risk,19.36
18,0,9500,1,0,Graduate,0.1935930533527409,Low Risk,19.36
20,0,9085,1,0,Graduate,0.19353205678802338,Low Risk,19.35
18,0,9238,1,0,Enrolled,0.19345142610502417,Low Risk,19.35
19,0,9500,1,0,Graduate,0.19343557970259834,Low Risk,19.34
20,1,9085,1,0,Graduate,0.19342447394035064,Low Risk,19.34
18,0,9500,1,0,Graduate,0.19342402666807465,Low Risk,19.34
18,0,9238,1,0,Enrolled,0.1933808900996772,Low Risk,19.34
21,1,171,1,0,Enrolled,0.19337124121946814,Low Risk,19.34
18,0,9773,1,0,Graduate,0.19324883384526803,Low Risk,19.32
18,0,9085,1,0,Graduate,0.19312515495175608,Low Risk,19.31
18,0,9670,1,0,Graduate,0.1929924047703065,Low Risk,19.3
21,0,9085,1,0,Enrolled,0.19295556163636268,Low Risk,19.3
20,1,171,1,0,Enrolled,0.1929197589340834,Low Risk,19.29
19,0,9500,1,0,Graduate,0.1928759144192536,Low Risk,19.29
18,1,9070,1,0,Graduate,0.1928552322641878,Low Risk,19.29
19,0,9853,1,0,Graduate,0.19242991958061145,Low Risk,19.24
19,0,9500,1,0,Graduate,0.19240504657499743,Low Risk,19.24
21,1,9670,1,0,Enrolled,0.19232327912105304,Low Risk,19.23
20,0,171,1,0,Graduate,0.19232174490689877,Low Risk,19.23
21,0,9254,1,0,Enrolled,0.19216053054897886,Low Risk,19.22
19,0,9147,1,0,Enrolled,0.19215244136119017,Low Risk,19.22
19,1,9147,1,0,Enrolled,0.19201800968546562,Low Risk,19.2
19,1,9500,1,0,Enrolled,0.19201405604456698,Low Risk,19.2
21,1,9254,1,1,Dropout,0.1919107615073916,Low Risk,19.19
18,0,9500,1,0,Graduate,0.19185451023376457,Low Risk,19.19
20,0,9500,1,0,Graduate,0.1918013839761919,Low Risk,19.18
20,0,9500,1,0,Graduate,0.19178089441762103,Low Risk,19.18
30,0,9003,1,1,Enrolled,0.19172794818387073,Low Risk,19.17
20,0,9773,1,1,Graduate,0.19169459272594788,Low Risk,19.17
19,0,9085,1,0,Graduate,0.19169080816028855,Low Risk,19.17
19,0,9500,1,0,Graduate,0.1915432350692263,Low Risk,19.15
20,0,9070,1,0,Graduate,0.19150607665842267,Low Risk,19.15
18,0,9853,1,0,Enrolled,0.1913345257962168,Low Risk,19.13
18,0,9238,1,0,Graduate,0.19132140124236377,Low Risk,19.13
19,0,9238,1,0,Enrolled,0.19127169435658903,Low Risk,19.13
18,0,9238,1,0,Graduate,0.1912647095881238,Low Risk,19.13
18,0,9254,1,0,Graduate,0.19123430562618887,Low Risk,19.12
18,0,9500,1,0,Enrolled,0.19118618574753082,Low Risk,19.12
19,0,9773,1,0,Enrolled,0.1910682742115833,Low Risk,19.11
21,0,9500,1,0,Enrolled,0.19105397602768723,Low Risk,19.11
20,1,9130,1,0,Enrolled,0.19103904500067825,Low Risk,19.1
20,0,9773,1,0,Graduate,0.19101029072038694,Low Risk,19.1
18,0,9500,1,0,Graduate,0.19100204356511907,Low Risk,19.1
20,0,9670,1,0,Graduate,0.19098957646083334,Low Risk,19.1
19,0,9773,1,0,Graduate,0.19094869631473252,Low Risk,19.09
18,0,9238,1,0,Graduate,0.1909064336786707,Low Risk,19.09
20,0,9773,1,0,Graduate,0.1909061007882282,Low Risk,19.09
18,0,9853,1,0,Enrolled,0.19090455311372917,Low Risk,19.09
35,0,9500,1,1,Graduate,0.19090297946789925,Low Risk,19.09
18,0,9147,1,0,Graduate,0.19085963882148965,Low Risk,19.09
20,0,9238,1,0,Graduate,0.1907586884419085,Low Risk,19.08
20,0,9500,1,0,Graduate,0.1907489399387036,Low Risk,19.07
18,0,9238,1,0,Graduate,0.1907281803863025,Low Risk,19.07
18,0,9853,0,1,Enrolled,0.19050261401485746,Low Risk,19.05
18,0,9500,1,0,Graduate,0.19047889597737208,Low Risk,19.05
23,0,8014,1,0,Enrolled,0.19046030573931033,Low Risk,19.05
18,0,9147,1,1,Graduate,0.19040481538353501,Low Risk,19.04
20,0,9500,1,0,Graduate,0.19037658673735294,Low Risk,19.04
19,0,9556,1,0,Graduate,0.19021081372255486,Low Risk,19.02
18,0,9853,1,0,Enrolled,0.19018316023429302,Low Risk,19.02
18,1,9119,1,0,Enrolled,0.19017479376728622,Low Risk,19.02
18,0,9130,1,0,Graduate,0.1900708870968165,Low Risk,19.01
18,0,9238,1,0,Enrolled,0.18998627932951753,Low Risk,19.0
19,0,9773,1,0,Graduate,0.18993257182567144,Low Risk,18.99
18,0,9500,1,0,Graduate,0.18984015090021733,Low Risk,18.98
24,1,9670,1,1,Graduate,0.18983656289041725,Low Risk,18.98
18,0,9070,1,0,Graduate,0.18982103191565605,Low Risk,18.98
19,0,9500,1,0,Graduate,0.18971863015921395,Low Risk,18.97
18,0,9130,1,0,Graduate,0.18968618970484868,Low Risk,18.97
18,1,9130,1,0,Graduate,0.18961785166976103,Low Risk,18.96
18,0,9500,1,0,Graduate,0.18950593989086387,Low Risk,18.95
20,0,9991,1,0,Enrolled,0.18946072862081184,Low Risk,18.95
19,0,9147,1,0,Dropout,0.1894184622232194,Low Risk,18.94
21,1,9254,1,1,Graduate,0.18931690504828808,Low Risk,18.93
20,0,9147,1,0,Graduate,0.18917750260256783,Low Risk,18.92
20,1,9119,1,1,Graduate,0.18905382924523204,Low Risk,18.91
47,0,8014,1,1,Graduate,0.18897525137841284,Low Risk,18.9
21,1,9254,1,0,Enrolled,0.1889337626057965,Low Risk,18.89
19,0,9070,1,0,Graduate,0.188821277760239,Low Risk,18.88
19,0,9003,1,1,Graduate,0.18878272872609597,Low Risk,18.88
21,0,9670,1,0,Graduate,0.18876736354194582,Low Risk,18.88
18,0,9500,1,0,Graduate,0.18875363002809137,Low Risk,18.88
18,0,9500,1,0,Graduate,0.1887422854278466,Low Risk,18.87
19,0,9500,1,0,Graduate,0.1886114230309616,Low Risk,18.86
20,0,9085,1,0,Graduate,0.1886050905431066,Low Risk,18.86
19,0,9853,1,0,Enrolled,0.18851922587658493,Low Risk,18.85
18,0,9853,1,0,Graduate,0.18838982191325962,Low Risk,18.84
22,0,8014,1,1,Graduate,0.18835674105209002,Low Risk,18.84
19,0,9254,1,0,Enrolled,0.18819863585974742,Low Risk,18.82
19,0,9500,1,0,Graduate,0.18819668647923465,Low Risk,18.82
18,0,9500,1,0,Graduate,0.18817023727683693,Low Risk,18.82
22,1,9254,1,0,Dropout,0.18814734341762357,Low Risk,18.81
18,0,9773,1,1,Graduate,0.1881277291575165,Low Risk,18.81
20,0,9254,1,0,Graduate,0.1881209891575342,Low Risk,18.81
19,0,9238,1,0,Graduate,0.18790931123355842,Low Risk,18.79
20,0,9070,1,0,Graduate,0.1878050454995707,Low Risk,18.78
19,0,9670,1,0,Graduate,0.18771633034104002,Low Risk,18.77
21,1,9085,1,0,Graduate,0.18766607870271937,Low Risk,18.77
18,0,9853,1,1,Graduate,0.18754964858766915,Low Risk,18.75
19,0,9500,1,0,Graduate,0.1873139792778159,Low Risk,18.73
22,0,9556,1,0,Enrolled,0.18714223772687472,Low Risk,18.71
21,0,9085,1,0,Graduate,0.18706681451375054,Low Risk,18.71
19,0,9500,1,0,Graduate,0.18705639896489823,Low Risk,18.71
18,0,9070,1,0,Graduate,0.18696790721436615,Low Risk,18.7
20,1,9003,1,0,Enrolled,0.1869313199666963,Low Risk,18.69
19,0,9500,1,0,Graduate,0.186881707586903,Low Risk,18.69
21,0,9670,1,0,Graduate,0.18683268434420122,Low Risk,18.68
18,1,9500,1,0,Graduate,0.18676653051495679,Low Risk,18.68
17,1,171,1,0,Enrolled,0.1867037383039726,Low Risk,18.67
22,1,9070,1,0,Graduate,0.1866248438925697,Low Risk,18.66
19,0,9773,1,0,Graduate,0.1866164799154872,Low Risk,18.66
19,0,9500,1,0,Graduate,0.1865825952022498,Low Risk,18.66
18,0,9773,1,1,Graduate,0.18644406329879787,Low Risk,18.64
18,1,9119,1,0,Enrolled,0.1864125099941493,Low Risk,18.64
20,0,9085,1,0,Graduate,0.18636894215968314,Low Risk,18.64
19,1,9670,1,0,Graduate,0.18636359158039736,Low Risk,18.64
18,0,9147,1,0,Graduate,0.18629665043115545,Low Risk,18.63
19,0,9085,1,0,Graduate,0.1860985641205947,Low Risk,18.61
18,0,9853,1,0,Enrolled,0.18594908593071474,Low Risk,18.59
35,0,9500,1,0,Enrolled,0.1858396663867476,Low Risk,18.58
20,0,9773,1,0,Graduate,0.1857892587883223,Low Risk,18.58
18,0,9500,1,0,Graduate,0.18575304363209963,Low Risk,18.58
18,0,9853,1,0,Enrolled,0.18573991517788901,Low Risk,18.57
19,1,171,1,0,Graduate,0.18568471067476278,Low Risk,18.57
20,1,9773,1,0,Graduate,0.1855672884993331,Low Risk,18.56
18,0,9500,1,0,Dropout,0.18544571450523034,Low Risk,18.54
18,0,9130,1,0,Graduate,0.18536801082422988,Low Risk,18.54
18,0,9853,1,0,Graduate,0.18531548636925094,Low Risk,18.53
20,0,9070,1,0,Graduate,0.18521290632412432,Low Risk,18.52
18,0,9238,1,0,Graduate,0.18514529721064626,Low Risk,18.51
18,0,9085,1,0,Graduate,0.18503017375677866,Low Risk,18.5
20,0,9773,1,0,Graduate,0.18502968649912405,Low Risk,18.5
22,0,9085,1,0,Graduate,0.18501111425064715,Low Risk,18.5
18,1,9773,1,0,Graduate,0.1849177246181479,Low Risk,18.49
19,0,9085,1,0,Graduate,0.18489776292713284,Low Risk,18.49
18,0,9500,1,0,Graduate,0.18485871216708147,Low Risk,18.49
19,0,9254,1,0,Graduate,0.18473842387461473,Low Risk,18.47
19,0,9773,1,0,Enrolled,0.18468305332599097,Low Risk,18.47
18,1,9254,1,0,Graduate,0.1846652344427317,Low Risk,18.47
20,1,9254,1,0,Enrolled,0.18465444948465493,Low Risk,18.47
18,1,9773,1,0,Graduate,0.18462640549625933,Low Risk,18.46
20,0,9500,1,0,Graduate,0.1845846856667183,Low Risk,18.46
20,1,9070,1,0,Enrolled,0.18447873991212477,Low Risk,18.45
19,0,9773,1,0,Graduate,0.18442062112895888,Low Risk,18.44
18,0,9085,1,0,Graduate,0.18403817774728481,Low Risk,18.4
19,0,9147,1,0,Graduate,0.1839387200220047,Low Risk,18.39
18,0,9500,1,0,Graduate,0.18372641263270603,Low Risk,18.37
19,1,9773,1,0,Enrolled,0.1835006021358188,Low Risk,18.35
18,1,171,1,0,Graduate,0.1834904249372749,Low Risk,18.35
21,1,9070,1,1,Graduate,0.18338874806496178,Low Risk,18.34
18,1,9670,1,0,Enrolled,0.183361508459584,Low Risk,18.34
41,0,9991,1,0,Enrolled,0.18331244825718931,Low Risk,18.33
18,0,171,1,0,Graduate,0.183274593958504,Low Risk,18.33
18,0,9500,1,0,Graduate,0.18310210401228322,Low Risk,18.31
18,0,9500,1,0,Graduate,0.1830554267731528,Low Risk,18.31
20,1,9500,1,1,Graduate,0.18289466839968874,Low Risk,18.29
19,0,9500,1,0,Dropout,0.18257870165902448,Low Risk,18.26
19,1,9085,1,1,Graduate,0.1825517535845266,Low Risk,18.26
18,1,9773,1,1,Graduate,0.18242201220313012,Low Risk,18.24
19,0,8014,1,0,Graduate,0.18221959717532704,Low Risk,18.22
18,0,9070,1,0,Enrolled,0.18207645495455127,Low Risk,18.21
18,1,9147,1,0,Enrolled,0.18203437915353718,Low Risk,18.2
18,0,9853,1,0,Enrolled,0.18195356089638684,Low Risk,18.2
18,1,9119,1,0,Enrolled,0.18181547080802757,Low Risk,18.18
22,1,171,1,0,Graduate,0.1817682743755606,Low Risk,18.18
19,0,9500,1,1,Graduate,0.18166211086273493,Low Risk,18.17
18,0,9773,1,0,Graduate,0.18164550065892274,Low Risk,18.16
18,0,9500,1,0,Graduate,0.1816404090662273,Low Risk,18.16
18,1,9500,1,0,Enrolled,0.18162427577240448,Low Risk,18.16
18,0,9085,1,0,Graduate,0.181588194761722,Low Risk,18.16
18,0,9500,1,0,Enrolled,0.1815486739592604,Low Risk,18.15
19,0,9500,1,0,Graduate,0.18146342218409073,Low Risk,18.15
21,1,9070,1,0,Graduate,0.18142831788165142,Low Risk,18.14
21,1,9670,1,0,Graduate,0.18137436699895523,Low Risk,18.14
20,0,9003,1,0,Graduate,0.1812174796699117,Low Risk,18.12
19,1,9254,1,0,Graduate,0.1812116386215282,Low Risk,18.12
18,1,9500,1,0,Graduate,0.1811650853633698,Low Risk,18.12
39,0,9991,1,1,Graduate,0.18116368055617224,Low Risk,18.12
19,0,9500,1,0,Graduate,0.18099701922467124,Low Risk,18.1
19,0,9500,1,0,Graduate,0.18098224744993127,Low Risk,18.1
18,0,9070,1,0,Graduate,0.1809081571767039,Low Risk,18.09
19,0,9556,1,0,Graduate,0.1808306700627604,Low Risk,18.08
18,0,9500,1,0,Graduate,0.18071715439194255,Low Risk,18.07
19,0,9773,1,0,Graduate,0.18065879909897364,Low Risk,18.07
19,0,9238,1,0,Graduate,0.18064794577773013,Low Risk,18.06
20,1,9238,1,0,Graduate,0.18056672612484306,Low Risk,18.06
18,1,9500,1,0,Graduate,0.18055480153987863,Low Risk,18.06
18,0,9500,1,0,Enrolled,0.18052695974353103,Low Risk,18.05
18,0,9500,1,0,Graduate,0.1804792231391101,Low Risk,18.05
19,0,9085,1,0,Graduate,0.18032776012132337,Low Risk,18.03
21,0,9147,1,0,Enrolled,0.18032244235600117,Low Risk,18.03
18,0,9254,1,0,Enrolled,0.18021545877542383,Low Risk,18.02
18,0,171,1,0,Graduate,0.18021241398105667,Low Risk,18.02
20,0,9670,1,0,Graduate,0.1801775312073936,Low Risk,18.02
18,0,9500,1,0,Graduate,0.1801578408091787,Low Risk,18.02
20,0,9238,1,0,Graduate,0.18009310408700793,Low Risk,18.01
20,0,9238,1,0,Graduate,0.1800112795644053,Low Risk,18.0
19,0,9500,1,0,Graduate,0.17990627594995395,Low Risk,17.99
18,0,9500,1,0,Graduate,0.17982173121545247,Low Risk,17.98
19,0,9254,1,0,Graduate,0.17977469001715426,Low Risk,17.98
20,0,9070,1,0,Enrolled,0.17977042217507797,Low Risk,17.98
19,0,9085,1,0,Graduate,0.17968539756889296,Low Risk,17.97
19,1,9500,1,0,Graduate,0.17968533259903496,Low Risk,17.97
19,0,9500,1,0,Graduate,0.17967929956704973,Low Risk,17.97
19,1,9119,1,0,Enrolled,0.17925084994776488,Low Risk,17.93
18,0,9254,1,0,Graduate,0.17920293846175003,Low Risk,17.92
19,1,9500,1,0,Graduate,0.17916873189166746,Low Risk,17.92
18,0,9853,1,0,Graduate,0.17914185224245976,Low Risk,17.91
21,0,9085,1,0,Graduate,0.17909953757552777,Low Risk,17.91
19,0,171,1,1,Graduate,0.17901427020742286,Low Risk,17.9
19,0,9556,1,0,Enrolled,0.17895708904855043,Low Risk,17.9
18,0,9500,1,0,Graduate,0.1789018946255844,Low Risk,17.89
18,0,171,1,0,Enrolled,0.17886958864788413,Low Risk,17.89
22,0,9670,1,0,Graduate,0.1788677438192133,Low Risk,17.89
20,0,9670,1,0,Graduate,0.17867247316644433,Low Risk,17.87
19,1,9670,1,0,Graduate,0.1785624238160139,Low Risk,17.86
19,0,9500,1,0,Graduate,0.17850658777044162,Low Risk,17.85
22,0,9085,1,0,Graduate,0.17845512099380437,Low Risk,17.85
20,1,9670,1,0,Enrolled,0.17844738167776264,Low Risk,17.84
19,1,9773,1,0,Graduate,0.17836848489553753,Low Risk,17.84
18,0,9500,1,0,Graduate,0.17836349067649876,Low Risk,17.84
19,1,9003,1,0,Enrolled,0.1782906520999654,Low Risk,17.83
18,0,9670,1,0,Graduate,0.17823464082377183,Low Risk,17.82
18,0,9773,1,0,Graduate,0.17815959840757647,Low Risk,17.82
20,1,9500,1,0,Enrolled,0.1781533544832166,Low Risk,17.82
19,0,9238,1,0,Graduate,0.17786966035900223,Low Risk,17.79
19,0,9853,1,0,Graduate,0.17784363982934145,Low Risk,17.78
18,0,9500,1,0,Graduate,0.17765638869799247,Low Risk,17.77
20,0,9130,1,0,Graduate,0.17761179231192872,Low Risk,17.76
19,0,9238,1,1,Graduate,0.17760864739734278,Low Risk,17.76
20,1,9003,1,0,Graduate,0.17748399714741836,Low Risk,17.75
18,0,9500,1,0,Graduate,0.17732708329956393,Low Risk,17.73
20,0,9085,1,0,Graduate,0.17724563047657044,Low Risk,17.72
18,0,9773,1,0,Dropout,0.17702040765203195,Low Risk,17.7
19,0,9500,1,0,Graduate,0.17701709904311394,Low Risk,17.7
18,0,171,1,0,Graduate,0.17700576697163475,Low Risk,17.7
20,0,9130,1,0,Dropout,0.176975176701852,Low Risk,17.7
20,0,9085,1,0,Graduate,0.1769329894338989,Low Risk,17.69
21,0,9147,1,0,Graduate,0.17692737082783944,Low Risk,17.69
18,1,9670,1,0,Graduate,0.17686018638350162,Low Risk,17.69
19,0,9254,1,0,Enrolled,0.17677013955252918,Low Risk,17.68
21,1,9070,1,0,Graduate,0.17667115292379124,Low Risk,17.67
20,0,9238,1,0,Graduate,0.176596704802141,Low Risk,17.66
18,0,9147,1,0,Enrolled,0.17647217767215173,Low Risk,17.65
19,0,9085,1,0,Graduate,0.1764565485159806,Low Risk,17.65
31,0,8014,1,1,Graduate,0.17639414484299537,Low Risk,17.64
19,0,8014,1,0,Graduate,0.1763869066559493,Low Risk,17.64
18,0,9556,1,0,Graduate,0.17625628214227052,Low Risk,17.63
20,0,9238,1,0,Graduate,0.17619861788933275,Low Risk,17.62
18,1,9500,1,0,Graduate,0.17593817379024224,Low Risk,17.59
18,0,9500,1,0,Graduate,0.17575490580085304,Low Risk,17.58
18,0,9500,1,0,Enrolled,0.17570099718549964,Low Risk,17.57
20,0,9670,1,0,Enrolled,0.1756344498817269,Low Risk,17.56
18,0,9147,1,0,Enrolled,0.17559303695173883,Low Risk,17.56
18,0,9085,1,0,Graduate,0.1755620377623696,Low Risk,17.56
18,1,9119,0,1,Enrolled,0.17550447106020103,Low Risk,17.55
30,0,9070,1,1,Graduate,0.17536838671526195,Low Risk,17.54
18,0,9500,1,0,Enrolled,0.17526109059971717,Low Risk,17.53
19,0,9670,1,0,Graduate,0.175237182010122,Low Risk,17.52
19,0,9500,1,0,Graduate,0.17516798886099494,Low Risk,17.52
18,0,9070,1,0,Graduate,0.1751632460333376,Low Risk,17.52
19,0,9500,1,0,Graduate,0.17508757860196536,Low Risk,17.51
35,0,8014,1,1,Graduate,0.17506987091069173,Low Risk,17.51
19,0,9773,1,0,Graduate,0.17501245911531693,Low Risk,17.5
19,0,9500,1,0,Graduate,0.17493342490135444,Low Risk,17.49
19,1,9670,1,0,Graduate,0.1749129355939224,Low Risk,17.49
20,0,9500,1,0,Graduate,0.17474805712650043,Low Risk,17.47
20,1,9670,1,0,Enrolled,0.17473892019198708,Low Risk,17.47
39,0,9238,1,1,Graduate,0.17465717746875867,Low Risk,17.47
20,0,9670,1,0,Graduate,0.17459978703285817,Low Risk,17.46
21,0,9070,1,0,Graduate,0.17456408572274593,Low Risk,17.46
18,1,9670,1,0,Enrolled,0.17452812709415685,Low Risk,17.45
18,0,9500,1,0,Graduate,0.17438149356163032,Low Risk,17.44
19,1,9500,1,0,Graduate,0.17437333256197707,Low Risk,17.44
21,1,171,1,0,Graduate,0.17431582573603663,Low Risk,17.43
18,0,9500,1,0,Graduate,0.1742557478842909,Low Risk,17.43
19,0,171,1,0,Graduate,0.1742249421234494,Low Risk,17.42
18,0,9147,1,0,Graduate,0.1741533610678857,Low Risk,17.42
21,1,9085,1,0,Graduate,0.17415190494506588,Low Risk,17.42
20,0,9238,1,0,Graduate,0.17407966602185107,Low Risk,17.41
18,0,9130,1,0,Graduate,0.17402367109477554,Low Risk,17.4
18,0,9130,1,0,Enrolled,0.17398013189274603,Low Risk,17.4
18,0,9773,1,0,Graduate,0.17396320960698697,Low Risk,17.4
20,0,9147,1,0,Graduate,0.1738309113535042,Low Risk,17.38
19,0,9500,1,0,Graduate,0.17377971094192324,Low Risk,17.38
20,0,9556,1,0,Graduate,0.17373372919939314,Low Risk,17.37
21,0,9130,1,0,Enrolled,0.17372399078697004,Low Risk,17.37
18,0,9773,1,0,Graduate,0.17365989129494244,Low Risk,17.37
19,0,9670,1,0,Enrolled,0.17362189123469343,Low Risk,17.36
18,0,9147,1,0,Enrolled,0.17350249438851595,Low Risk,17.35
18,0,9085,1,0,Graduate,0.17340346718681005,Low Risk,17.34
18,0,9254,1,0,Graduate,0.17332541822547978,Low Risk,17.33
19,0,9500,1,0,Enrolled,0.17324574051472225,Low Risk,17.32
18,1,9147,1,1,Graduate,0.17321893081001527,Low Risk,17.32
19,0,9670,1,0,Graduate,0.1731638451300681,Low Risk,17.32
19,1,9500,1,0,Graduate,0.17299541241096386,Low Risk,17.3
18,0,171,1,0,Enrolled,0.1729271626974489,Low Risk,17.29
18,0,9130,1,0,Graduate,0.17291017551602753,Low Risk,17.29
20,0,9085,1,0,Graduate,0.17275887397272208,Low Risk,17.28
34,0,9500,1,1,Graduate,0.1726397672840297,Low Risk,17.26
18,0,9773,1,0,Graduate,0.172632611808391,Low Risk,17.26
17,0,9500,1,0,Enrolled,0.17254141857322874,Low Risk,17.25
19,1,9147,1,0,Enrolled,0.17244119365183821,Low Risk,17.24
18,0,9147,1,0,Graduate,0.1723973059289969,Low Risk,17.24
19,0,171,1,0,Graduate,0.17238755780583234,Low Risk,17.24
18,0,9773,1,0,Graduate,0.17236306050084313,Low Risk,17.24
18,0,171,1,1,Graduate,0.17232978627866616,Low Risk,17.23
18,1,9130,1,0,Graduate,0.17229210272807535,Low Risk,17.23
20,0,9085,1,0,Graduate,0.17228429682718002,Low Risk,17.23
19,1,9070,1,0,Enrolled,0.1722487648318058,Low Risk,17.22
19,0,9500,1,0,Graduate,0.17219814559734295,Low Risk,17.22
20,0,9070,1,0,Enrolled,0.17219380551419608,Low Risk,17.22
22,0,9085,1,0,Graduate,0.17215156208910418,Low Risk,17.22
19,0,9070,1,0,Graduate,0.17212350924430794,Low Risk,17.21
18,1,9773,1,1,Graduate,0.17204976986497994,Low Risk,17.2
20,0,9670,1,0,Enrolled,0.1720070277664864,Low Risk,17.2
19,0,9500,1,0,Graduate,0.17192112381842675,Low Risk,17.19
19,0,9773,1,0,Graduate,0.1719114794049546,Low Risk,17.19
21,0,9500,1,0,Graduate,0.17179044902767093,Low Risk,17.18
18,0,9670,1,0,Enrolled,0.17178590469604116,Low Risk,17.18
27,0,9500,1,0,Enrolled,0.1717538234776132,Low Risk,17.18
20,0,9085,1,0,Graduate,0.17163867419871273,Low Risk,17.16
21,0,9085,1,0,Enrolled,0.17159137068846905,Low Risk,17.16
18,0,9500,1,0,Graduate,0.17156338577739047,Low Risk,17.16
18,0,171,1,0,Enrolled,0.1715240234510013,Low Risk,17.15
19,0,9085,1,0,Enrolled,0.1713896286555058,Low Risk,17.14
18,0,9773,1,0,Graduate,0.171352067047193,Low Risk,17.14
18,0,9773,1,0,Enrolled,0.17121902622748694,Low Risk,17.12
20,0,8014,1,0,Graduate,0.17117608256422798,Low Risk,17.12
21,1,9003,1,0,Enrolled,0.17108934103984008,Low Risk,17.11
18,0,9853,1,0,Graduate,0.17108233161085495,Low Risk,17.11
19,0,9500,1,0,Graduate,0.17105157525704343,Low Risk,17.11
18,0,9670,1,0,Enrolled,0.17103244383077637,Low Risk,17.1
20,0,9147,1,0,Graduate,0.17101668510323606,Low Risk,17.1
20,0,9238,1,0,Graduate,0.17095381287220926,Low Risk,17.1
18,0,9500,1,0,Graduate,0.17093766307056063,Low Risk,17.09
18,1,9500,1,0,Graduate,0.17093344955577527,Low Risk,17.09
21,0,9773,1,0,Graduate,0.170928239392044,Low Risk,17.09
18,0,9085,1,0,Graduate,0.17092375440201527,Low Risk,17.09
18,0,9773,1,0,Graduate,0.17092072711645637,Low Risk,17.09
21,0,9853,1,0,Enrolled,0.1707778838626609,Low Risk,17.08
19,0,9500,1,0,Graduate,0.17074206404522455,Low Risk,17.07
18,0,171,1,0,Graduate,0.17070884173764653,Low Risk,17.07
20,0,9085,1,0,Enrolled,0.17065405959209476,Low Risk,17.07
18,0,9070,1,0,Graduate,0.17064978911549544,Low Risk,17.06
21,0,9085,1,0,Graduate,0.1706271607079752,Low Risk,17.06
18,0,9147,1,1,Graduate,0.17058188946347344,Low Risk,17.06
34,1,9500,1,1,Graduate,0.17052753880037907,Low Risk,17.05
21,0,9238,1,0,Graduate,0.17043434027887802,Low Risk,17.04
18,0,9070,1,0,Enrolled,0.1703462724122472,Low Risk,17.03
18,1,9119,1,0,Dropout,0.17032944525705312,Low Risk,17.03
20,0,9147,1,0,Graduate,0.1702404257473596,Low Risk,17.02
20,0,9670,1,0,Graduate,0.1701606952596143,Low Risk,17.02
43,0,9003,1,0,Graduate,0.17015843500496045,Low Risk,17.02
19,0,9147,1,0,Graduate,0.16997833060777173,Low Risk,17.0
31,0,9238,1,0,Graduate,0.16992558179021952,Low Risk,16.99
18,0,9500,1,0,Graduate,0.16987996318260415,Low Risk,16.99
19,1,9773,1,0,Enrolled,0.16985893765494642,Low Risk,16.99
19,1,9070,1,0,Graduate,0.1697112464085064,Low Risk,16.97
19,0,9085,1,0,Graduate,0.16970247144743383,Low Risk,16.97
22,0,9085,1,0,Enrolled,0.1696502818443928,Low Risk,16.97
20,0,171,1,0,Graduate,0.16951523852426145,Low Risk,16.95
19,0,9147,1,0,Graduate,0.16948718783570818,Low Risk,16.95
18,1,9500,1,0,Graduate,0.1694601159358386,Low Risk,16.95
22,0,9500,1,1,Graduate,0.16938882296681296,Low Risk,16.94
20,0,9147,1,0,Enrolled,0.16929624029175058,Low Risk,16.93
20,0,9130,1,0,Enrolled,0.16902804268751032,Low Risk,16.9
47,0,9003,1,0,Enrolled,0.16899648991162183,Low Risk,16.9
19,0,9773,1,0,Enrolled,0.1689523520286754,Low Risk,16.9
19,0,9500,1,0,Graduate,0.16889523678970847,Low Risk,16.89
18,0,9853,1,0,Graduate,0.1687398849392964,Low Risk,16.87
18,1,9500,1,0,Graduate,0.1687081583089097,Low Risk,16.87
20,0,8014,1,0,Enrolled,0.1686400824895617,Low Risk,16.86
21,1,9147,1,1,Graduate,0.16854590337562758,Low Risk,16.85
18,0,9130,1,0,Graduate,0.1684232402169471,Low Risk,16.84
22,0,9085,1,0,Graduate,0.16834495961074517,Low Risk,16.83
20,0,9500,1,0,Graduate,0.16831747101944397,Low Risk,16.83
18,1,9500,1,0,Graduate,0.16814401221506967,Low Risk,16.81
19,0,9853,1,0,Enrolled,0.16813014710105087,Low Risk,16.81
41,0,8014,1,1,Graduate,0.16796302848425151,Low Risk,16.8
18,0,171,1,0,Graduate,0.16784433201898488,Low Risk,16.78
18,1,9500,1,0,Graduate,0.16784284620842033,Low Risk,16.78
22,0,8014,1,0,Graduate,0.16781038640703,Low Risk,16.78
18,0,9773,1,0,Graduate,0.1677906408070944,Low Risk,16.78
18,0,9773,1,0,Graduate,0.1677691622322662,Low Risk,16.78
23,1,9003,1,1,Graduate,0.16770085166886756,Low Risk,16.77
18,0,9147,1,0,Graduate,0.1676681576374208,Low Risk,16.77
18,0,9500,1,0,Graduate,0.1676208470190624,Low Risk,16.76
19,0,9500,1,0,Enrolled,0.16758651967048865,Low Risk,16.76
19,1,9773,1,1,Graduate,0.16754710599271497,Low Risk,16.75
18,1,171,1,1,Enrolled,0.16719505072971363,Low Risk,16.72
20,1,9119,1,0,Enrolled,0.16711539191137673,Low Risk,16.71
19,1,9773,1,0,Enrolled,0.16702586726616928,Low Risk,16.7
20,1,9500,1,0,Enrolled,0.16701237506974784,Low Risk,16.7
18,0,9147,1,0,Graduate,0.16700532051868142,Low Risk,16.7
18,0,9500,1,0,Graduate,0.1669973085024888,Low Risk,16.7
18,1,9773,1,1,Graduate,0.16698508561299735,Low Risk,16.7
19,1,9238,1,0,Graduate,0.16698037833857657,Low Risk,16.7
25,1,9670,1,1,Graduate,0.1669479216290946,Low Risk,16.69
19,0,9147,1,0,Enrolled,0.16691775119757318,Low Risk,16.69
19,0,9085,1,0,Graduate,0.1668696861946711,Low Risk,16.69
19,0,9238,1,0,Enrolled,0.16685707491908958,Low Risk,16.69
19,0,9500,1,0,Graduate,0.1667626805703778,Low Risk,16.68
19,0,9500,1,0,Graduate,0.166537326836767,Low Risk,16.65
18,1,9119,1,1,Enrolled,0.16642657908226882,Low Risk,16.64
24,1,9130,1,0,Enrolled,0.16638309020969383,Low Risk,16.64
20,0,9070,1,0,Graduate,0.16632163391922788,Low Risk,16.63
19,0,9500,1,0,Graduate,0.16626696445864605,Low Risk,16.63
18,0,9773,1,0,Enrolled,0.16616520796113493,Low Risk,16.62
18,0,9670,1,0,Graduate,0.16599715363573303,Low Risk,16.6
19,0,9500,1,0,Graduate,0.16599544208159592,Low Risk,16.6
20,0,9147,1,0,Graduate,0.16580695282577362,Low Risk,16.58
21,0,9238,1,0,Graduate,0.16574312139792716,Low Risk,16.57
21,0,9070,1,0,Enrolled,0.16568250697620795,Low Risk,16.57
18,0,9070,1,1,Graduate,0.16564101076208143,Low Risk,16.56
18,1,9147,1,1,Graduate,0.1656315145975085,Low Risk,16.56
19,0,9130,1,0,Graduate,0.16561306350285343,Low Risk,16.56
40,0,8014,1,0,Graduate,0.16561166915967335,Low Risk,16.56
19,0,9500,1,0,Graduate,0.16561027222139926,Low Risk,16.56
20,0,9085,1,0,Graduate,0.16556084073310479,Low Risk,16.56
20,0,9130,1,0,Graduate,0.1655566486290241,Low Risk,16.56
21,0,9085,1,0,Graduate,0.1654453989228846,Low Risk,16.54
19,0,9500,1,0,Enrolled,0.16528234777754733,Low Risk,16.53
20,0,9500,1,0,Graduate,0.16523047565165366,Low Risk,16.52
21,1,9003,1,0,Graduate,0.1652293351958261,Low Risk,16.52
33,0,8014,1,1,Graduate,0.1651949468784036,Low Risk,16.52
19,0,9003,1,1,Graduate,0.16515031242930556,Low Risk,16.52
19,0,9500,1,0,Dropout,0.16500449477011475,Low Risk,16.5
18,0,9085,1,0,Enrolled,0.1649939830413954,Low Risk,16.5
22,0,9070,0,1,Enrolled,0.16485446028474524,Low Risk,16.49
19,0,9147,1,0,Graduate,0.16483153613695078,Low Risk,16.48
19,0,9147,1,0,Graduate,0.16462520116361473,Low Risk,16.46
18,0,171,1,0,Enrolled,0.1644687786034127,Low Risk,16.45
19,0,9085,1,0,Graduate,0.16446493882358398,Low Risk,16.45
18,0,9130,1,0,Dropout,0.1643318859361744,Low Risk,16.43
18,0,9773,1,0,Graduate,0.1643195830275368,Low Risk,16.43
21,0,9085,1,0,Graduate,0.1641878568906431,Low Risk,16.42
18,0,9500,1,0,Graduate,0.16417423379278265,Low Risk,16.42
19,0,9773,1,0,Enrolled,0.1641093532639063,Low Risk,16.41
20,0,9773,1,0,Enrolled,0.16379843141457498,Low Risk,16.38
20,0,9238,1,0,Enrolled,0.16367287270890618,Low Risk,16.37
18,0,9147,1,0,Enrolled,0.16348508690032762,Low Risk,16.35
18,0,9238,1,0,Graduate,0.16348499703581862,Low Risk,16.35
18,0,9238,1,0,Graduate,0.1633191960067583,Low Risk,16.33
25,0,9670,1,1,Enrolled,0.16323859434585788,Low Risk,16.32
18,0,9254,1,0,Graduate,0.16318349489172737,Low Risk,16.32
18,0,9773,1,0,Graduate,0.16307591308693786,Low Risk,16.31
19,0,9500,1,0,Graduate,0.1630097625520794,Low Risk,16.3
19,0,9500,1,0,Graduate,0.16297100462566988,Low Risk,16.3
19,1,9119,1,0,Enrolled,0.16296496968690424,Low Risk,16.3
20,0,9085,1,0,Enrolled,0.16279357499142416,Low Risk,16.28
21,0,9147,1,0,Enrolled,0.1627223748416801,Low Risk,16.27
18,0,9500,1,0,Graduate,0.1625547649084248,Low Risk,16.26
26,0,9500,1,1,Graduate,0.1625507597868612,Low Risk,16.26
22,0,9070,1,1,Graduate,0.16252438568692104,Low Risk,16.25
19,0,9500,1,0,Enrolled,0.16242737193820622,Low Risk,16.24
21,0,9085,1,0,Enrolled,0.1622584705616347,Low Risk,16.23
21,0,9085,1,0,Graduate,0.16217960226879655,Low Risk,16.22
19,0,9238,1,0,Graduate,0.16204792284104702,Low Risk,16.2
20,0,9130,1,0,Graduate,0.16200728245541268,Low Risk,16.2
20,0,9085,1,0,Graduate,0.1617705538307598,Low Risk,16.18
40,1,9147,1,0,Enrolled,0.1617418002220307,Low Risk,16.17
26,0,9147,1,1,Graduate,0.16159119956515508,Low Risk,16.16
18,0,9670,1,0,Graduate,0.16140876098705684,Low Risk,16.14
19,0,9670,1,0,Enrolled,0.16117118036028583,Low Risk,16.12
18,0,9254,1,0,Graduate,0.16109893144361095,Low Risk,16.11
18,0,9500,1,0,Graduate,0.16104958265135882,Low Risk,16.1
18,0,9147,1,0,Graduate,0.16101752787941506,Low Risk,16.1
20,0,9070,1,0,Graduate,0.16099425837613385,Low Risk,16.1
18,1,9500,1,0,Graduate,0.16099162915301043,Low Risk,16.1
19,0,9500,1,0,Graduate,0.160932022578807,Low Risk,16.09
18,0,9070,0,1,Enrolled,0.16083167987010083,Low Risk,16.08
20,0,171,1,0,Graduate,0.16083139599224022,Low Risk,16.08
21,0,9085,1,0,Graduate,0.1606868301826703,Low Risk,16.07
20,1,9670,1,1,Enrolled,0.16066707924601378,Low Risk,16.07
19,0,171,1,0,Graduate,0.16056886283990293,Low Risk,16.06
18,0,9500,1,0,Graduate,0.1604584630959647,Low Risk,16.05
19,0,9085,1,0,Enrolled,0.1603700864605481,Low Risk,16.04
19,0,9238,1,0,Graduate,0.1602998861695734,Low Risk,16.03
19,0,9500,1,0,Graduate,0.1602976070128674,Low Risk,16.03
20,0,9147,1,0,Enrolled,0.16028258143720844,Low Risk,16.03
20,0,9670,1,0,Enrolled,0.16022445146475636,Low Risk,16.02
20,0,9500,1,1,Graduate,0.16015221865176596,Low Risk,16.02
19,0,9147,1,0,Enrolled,0.1601167162891751,Low Risk,16.01
19,1,9500,1,0,Graduate,0.16009106092044229,Low Risk,16.01
18,0,171,1,0,Graduate,0.16004847372436767,Low Risk,16.0
18,0,9085,1,0,Graduate,0.15986549610126852,Low Risk,15.99
18,0,9254,1,0,Graduate,0.15980021173176048,Low Risk,15.98
19,0,9238,1,0,Graduate,0.15978148617030224,Low Risk,15.98
20,0,9500,1,0,Enrolled,0.1594124489967702,Low Risk,15.94
19,0,9500,1,0,Enrolled,0.1594070949883101,Low Risk,15.94
21,0,9670,1,0,Graduate,0.15929259124211384,Low Risk,15.93
18,0,9773,1,0,Graduate,0.15907216253387402,Low Risk,15.91
20,0,9238,1,0,Graduate,0.15906934159931607,Low Risk,15.91
19,0,9500,1,0,Graduate,0.15892525440565572,Low Risk,15.89
19,0,9500,1,0,Enrolled,0.15889255427015672,Low Risk,15.89
18,0,9147,1,0,Enrolled,0.15882190465347193,Low Risk,15.88
18,0,9500,1,0,Graduate,0.15879763523000157,Low Risk,15.88
18,0,9500,1,0,Graduate,0.15869671090876183,Low Risk,15.87
20,0,9085,1,0,Graduate,0.15866001452746983,Low Risk,15.87
19,1,9773,1,0,Graduate,0.1586514627270899,Low Risk,15.87
21,0,9085,1,0,Enrolled,0.15858207564750265,Low Risk,15.86
20,0,9238,1,0,Graduate,0.1584292922591439,Low Risk,15.84
18,0,171,1,0,Enrolled,0.1583643782508544,Low Risk,15.84
18,0,9147,1,0,Enrolled,0.15832308034462683,Low Risk,15.83
19,0,9254,1,0,Enrolled,0.15826552304756575,Low Risk,15.83
18,1,171,1,0,Graduate,0.15823929719721644,Low Risk,15.82
19,0,9147,1,1,Graduate,0.15814082895693415,Low Risk,15.81
19,0,9085,1,0,Enrolled,0.15803344121125326,Low Risk,15.8
18,0,9500,1,0,Enrolled,0.1580246941163501,Low Risk,15.8
20,0,9500,1,0,Graduate,0.1580232163564885,Low Risk,15.8
19,0,9147,1,0,Enrolled,0.15793474144451236,Low Risk,15.79
19,0,9238,1,0,Graduate,0.15790958452517326,Low Risk,15.79
20,0,9238,1,0,Graduate,0.15757529215455177,Low Risk,15.76
19,0,9500,1,0,Graduate,0.15743131979952207,Low Risk,15.74
19,1,9070,1,0,Enrolled,0.15741967416472535,Low Risk,15.74
18,0,171,1,0,Enrolled,0.15731012887069828,Low Risk,15.73
19,0,9773,1,0,Graduate,0.15722450703209856,Low Risk,15.72
20,0,9130,1,0,Graduate,0.15722357095768622,Low Risk,15.72
18,1,9500,1,0,Enrolled,0.1572028881323993,Low Risk,15.72
18,0,9254,1,0,Graduate,0.1571970459662938,Low Risk,15.72
18,0,9085,1,0,Graduate,0.15711709250829092,Low Risk,15.71
19,0,9070,1,0,Graduate,0.15710300236292113,Low Risk,15.71
18,0,9085,1,0,Graduate,0.1570888298391128,Low Risk,15.71
19,0,9070,1,0,Graduate,0.15705864031756164,Low Risk,15.71
24,0,9556,1,1,Graduate,0.1569600827472465,Low Risk,15.7
34,0,9853,1,1,Graduate,0.1569178370336911,Low Risk,15.69
43,0,9670,1,1,Graduate,0.1569134927208454,Low Risk,15.69
18,0,9500,1,0,Enrolled,0.15688646357959624,Low Risk,15.69
19,0,9500,1,0,Graduate,0.15681358825093913,Low Risk,15.68
24,0,9500,1,1,Graduate,0.15677939189203552,Low Risk,15.68
20,1,9670,1,0,Graduate,0.1567037182417525,Low Risk,15.67
18,0,9773,1,0,Enrolled,0.15669558522254592,Low Risk,15.67
18,0,9773,1,0,Graduate,0.15650560637091496,Low Risk,15.65
19,0,9670,1,0,Graduate,0.1564724918828442,Low Risk,15.65
19,0,9500,1,0,Graduate,0.1564648501406882,Low Risk,15.65
20,0,171,1,0,Enrolled,0.15646138363365034,Low Risk,15.65
18,0,9500,1,0,Enrolled,0.15639025506365456,Low Risk,15.64
19,1,9670,1,0,Graduate,0.15600502312650105,Low Risk,15.6
18,0,9500,1,0,Graduate,0.15589303071070493,Low Risk,15.59
18,0,9556,1,0,Graduate,0.1558645875013511,Low Risk,15.59
19,0,9773,1,0,Enrolled,0.15584226911116117,Low Risk,15.58
19,0,9773,1,0,Graduate,0.15583918217811285,Low Risk,15.58
20,0,8014,1,0,Enrolled,0.15583493951264285,Low Risk,15.58
18,0,9085,1,0,Graduate,0.1557583108037428,Low Risk,15.58
20,0,9238,1,0,Graduate,0.1557537278014965,Low Risk,15.58
20,0,9147,1,0,Graduate,0.15574332241154884,Low Risk,15.57
18,0,9130,1,0,Graduate,0.15541652770638117,Low Risk,15.54
18,0,9238,1,0,Graduate,0.15503987392698307,Low Risk,15.5
18,0,9254,1,0,Graduate,0.1550066690861622,Low Risk,15.5
18,0,9500,1,0,Graduate,0.1549450807245366,Low Risk,15.49
19,0,9238,1,0,Graduate,0.15488941663069644,Low Risk,15.49
19,1,9238,1,1,Graduate,0.15462307570883363,Low Risk,15.46
19,0,9070,1,0,Graduate,0.1546012518666941,Low Risk,15.46
19,0,9070,1,0,Graduate,0.1545665859976623,Low Risk,15.46
20,1,9773,1,1,Graduate,0.15454185629645067,Low Risk,15.45
18,0,9500,1,1,Graduate,0.15438470320308692,Low Risk,15.44
19,0,9853,1,1,Graduate,0.15433423635207869,Low Risk,15.43
18,0,9500,1,0,Graduate,0.15430669443673906,Low Risk,15.43
18,0,9500,1,0,Graduate,0.1541745878722684,Low Risk,15.42
20,0,9147,1,0,Enrolled,0.154139682384033,Low Risk,15.41
19,0,9500,1,0,Graduate,0.15404109330480853,Low Risk,15.4
18,0,9500,1,0,Graduate,0.15402323343296204,Low Risk,15.4
18,0,9085,1,0,Graduate,0.15387750402413863,Low Risk,15.39
18,0,9254,1,0,Graduate,0.1537957665376314,Low Risk,15.38
19,0,9070,1,0,Graduate,0.15369977194632006,Low Risk,15.37
18,0,9085,1,0,Enrolled,0.15368401538907464,Low Risk,15.37
19,1,9670,1,1,Graduate,0.1536748524239492,Low Risk,15.37
19,0,9500,1,0,Graduate,0.153613012187693,Low Risk,15.36
19,0,9500,1,0,Graduate,0.1536084935284661,Low Risk,15.36
51,0,9670,1,1,Graduate,0.15348030486426062,Low Risk,15.35
21,0,9238,1,0,Enrolled,0.15347807244728912,Low Risk,15.35
18,0,9500,1,0,Graduate,0.15346703341217455,Low Risk,15.35
18,1,9500,1,0,Graduate,0.15342895936380815,Low Risk,15.34
18,0,9773,1,0,Graduate,0.15342014504787904,Low Risk,15.34
48,0,9500,1,0,Enrolled,0.15341096935864262,Low Risk,15.34
20,0,9773,1,0,Graduate,0.15322791089044413,Low Risk,15.32
18,0,9500,1,0,Graduate,0.1531871736804964,Low Risk,15.32
20,0,9085,1,0,Enrolled,0.1531796307304938,Low Risk,15.32
18,0,9773,1,0,Graduate,0.1531357206365851,Low Risk,15.31
18,1,171,1,0,Enrolled,0.15313522796733375,Low Risk,15.31
19,1,9003,1,0,Enrolled,0.15309865276984638,Low Risk,15.31
28,1,9500,1,1,Graduate,0.15307121209108646,Low Risk,15.31
19,0,9085,1,0,Graduate,0.15290509841317348,Low Risk,15.29
18,0,9070,1,0,Graduate,0.15282711666247276,Low Risk,15.28
18,0,171,1,0,Graduate,0.15282522195463683,Low Risk,15.28
19,0,9254,1,0,Graduate,0.1528119067949897,Low Risk,15.28
18,0,171,1,0,Enrolled,0.1527976453378024,Low Risk,15.28
19,0,9070,1,0,Graduate,0.15279646780576084,Low Risk,15.28
18,0,9500,1,0,Graduate,0.15278463320482516,Low Risk,15.28
19,0,9070,1,0,Enrolled,0.15276363874027246,Low Risk,15.28
23,0,9853,1,0,Graduate,0.15253854403675657,Low Risk,15.25
18,0,9238,1,0,Graduate,0.15238612298500173,Low Risk,15.24
19,0,9773,1,1,Graduate,0.1521900905776791,Low Risk,15.22
18,0,9500,1,0,Graduate,0.15206507657298543,Low Risk,15.21
19,0,9500,1,0,Enrolled,0.15206122235342265,Low Risk,15.21
18,0,9853,1,0,Enrolled,0.15204593778341952,Low Risk,15.2
40,0,8014,1,0,Graduate,0.1518664876021667,Low Risk,15.19
18,0,9085,1,0,Graduate,0.15186265592796044,Low Risk,15.19
36,0,9556,1,1,Graduate,0.15167680128111802,Low Risk,15.17
22,0,9238,1,0,Enrolled,0.15165943923980485,Low Risk,15.17
33,0,8014,1,0,Graduate,0.15159261373948296,Low Risk,15.16
19,0,9003,1,0,Enrolled,0.1515844904546398,Low Risk,15.16
18,0,9085,1,0,Graduate,0.15156623253309026,Low Risk,15.16
19,0,9500,1,0,Graduate,0.15151610411793145,Low Risk,15.15
21,0,9147,1,0,Graduate,0.1514868118869135,Low Risk,15.15
19,0,9853,1,1,Graduate,0.15135311764867884,Low Risk,15.14
19,0,9085,1,0,Graduate,0.1513399087964832,Low Risk,15.13
18,0,9085,1,0,Enrolled,0.1512800331274055,Low Risk,15.13
18,1,9500,1,0,Graduate,0.15117603232494486,Low Risk,15.12
19,1,9670,1,0,Enrolled,0.15114779323926408,Low Risk,15.11
18,1,9003,1,0,Graduate,0.15113317839291246,Low Risk,15.11
19,0,9670,1,0,Graduate,0.15112086857785992,Low Risk,15.11
19,0,9070,1,0,Graduate,0.15107246878859576,Low Risk,15.11
18,0,9853,1,0,Enrolled,0.1510215359858396,Low Risk,15.1
20,0,9238,1,0,Graduate,0.15094853179374945,Low Risk,15.09
24,0,9085,1,1,Graduate,0.15091097668948103,Low Risk,15.09
28,1,9119,1,1,Enrolled,0.15090122423647387,Low Risk,15.09
18,0,9500,1,0,Graduate,0.15090089716222124,Low Risk,15.09
24,1,9556,1,1,Enrolled,0.15089407434369043,Low Risk,15.09
19,1,9500,1,0,Graduate,0.15082257516189115,Low Risk,15.08
32,0,8014,1,1,Graduate,0.15079129980052233,Low Risk,15.08
18,0,9085,1,0,Graduate,0.15077687609371176,Low Risk,15.08
20,0,9500,1,1,Graduate,0.15074935127358816,Low Risk,15.07
20,0,9070,1,0,Graduate,0.15071357678264174,Low Risk,15.07
19,0,9500,1,0,Graduate,0.15062868591756987,Low Risk,15.06
17,1,9670,1,1,Graduate,0.15055120765192606,Low Risk,15.06
19,1,9670,1,0,Graduate,0.1503298797524051,Low Risk,15.03
20,0,9853,1,0,Enrolled,0.15021206492198552,Low Risk,15.02
21,1,9070,1,1,Graduate,0.15015614326357296,Low Risk,15.02
18,0,9070,1,0,Graduate,0.15010074565019949,Low Risk,15.01
18,0,9773,1,0,Graduate,0.15009983492062512,Low Risk,15.01
19,0,9085,1,0,Enrolled,0.14995228675459152,Low Risk,15.0
18,0,9085,1,0,Graduate,0.14991359066452462,Low Risk,14.99
20,0,9500,1,0,Graduate,0.1498871004678819,Low Risk,14.99
18,0,9773,1,0,Graduate,0.14983822254701867,Low Risk,14.98
18,0,9500,1,0,Graduate,0.14981272018807726,Low Risk,14.98
18,0,9500,1,0,Graduate,0.14973355820440334,Low Risk,14.97
19,0,9670,1,0,Graduate,0.14961059531214,Low Risk,14.96
20,0,9238,1,0,Enrolled,0.14942902364668728,Low Risk,14.94
19,1,9500,1,0,Graduate,0.149395415238476,Low Risk,14.94
18,0,9500,1,0,Graduate,0.1493679183698026,Low Risk,14.94
19,1,9500,1,1,Enrolled,0.14915623379399795,Low Risk,14.92
23,0,9853,1,1,Enrolled,0.1491277224847838,Low Risk,14.91
18,0,9147,1,0,Graduate,0.14911414665124642,Low Risk,14.91
19,0,9500,1,0,Graduate,0.1491015837483881,Low Risk,14.91
20,0,9070,1,0,Enrolled,0.14907319049204462,Low Risk,14.91
20,0,9085,1,0,Graduate,0.14905908137079868,Low Risk,14.91
20,0,9238,1,0,Enrolled,0.14886189510696232,Low Risk,14.89
20,0,9500,1,0,Dropout,0.148842618429601,Low Risk,14.88
19,0,9147,1,0,Enrolled,0.14878737634170985,Low Risk,14.88
18,0,9500,1,0,Graduate,0.14852086715775906,Low Risk,14.85
31,0,9991,1,1,Enrolled,0.1484872704575886,Low Risk,14.85
18,0,9238,1,0,Graduate,0.14844349686809216,Low Risk,14.84
20,0,9670,1,1,Graduate,0.14826644474867104,Low Risk,14.83
18,0,9670,1,1,Graduate,0.14823413105306432,Low Risk,14.82
18,0,9500,1,0,Graduate,0.14802930148836996,Low Risk,14.8
18,0,9500,1,0,Graduate,0.1479268482389896,Low Risk,14.79
18,0,9147,1,0,Enrolled,0.1476795883494233,Low Risk,14.77
21,0,9147,1,0,Enrolled,0.147617391509929,Low Risk,14.76
18,0,9773,1,0,Graduate,0.1473822751758959,Low Risk,14.74
18,0,9238,1,0,Graduate,0.14726128300013988,Low Risk,14.73
18,0,9130,1,0,Graduate,0.14724629669522785,Low Risk,14.72
19,0,9085,1,0,Enrolled,0.14720746732547987,Low Risk,14.72
18,0,9500,1,0,Graduate,0.1471228889199373,Low Risk,14.71
19,1,171,1,0,Graduate,0.14706453780793355,Low Risk,14.71
20,1,9238,1,1,Graduate,0.14698335758041875,Low Risk,14.7
18,0,9773,1,0,Graduate,0.14691509561841956,Low Risk,14.69
18,0,9773,1,1,Graduate,0.14688286625738717,Low Risk,14.69
20,0,9238,1,0,Enrolled,0.14664742925093366,Low Risk,14.66
19,0,9085,1,0,Enrolled,0.1466252243070667,Low Risk,14.66
18,0,9853,1,0,Enrolled,0.14655248211828853,Low Risk,14.66
20,1,9254,1,1,Graduate,0.14654932428448122,Low Risk,14.65
18,0,9147,1,0,Enrolled,0.14654517291556138,Low Risk,14.65
19,1,9500,1,0,Graduate,0.14649661480924464,Low Risk,14.65
20,0,9085,1,0,Graduate,0.1463738858951174,Low Risk,14.64
20,0,9500,1,0,Graduate,0.1463695571568053,Low Risk,14.64
19,0,9500,1,0,Enrolled,0.14634824179921618,Low Risk,14.63
19,0,9070,1,0,Graduate,0.1462165800996016,Low Risk,14.62
20,0,9085,1,0,Enrolled,0.1462031691322842,Low Risk,14.62
19,0,9147,1,0,Enrolled,0.14606837986190094,Low Risk,14.61
18,0,9500,1,0,Graduate,0.1460574981679641,Low Risk,14.61
18,0,9147,1,0,Graduate,0.1459799574009252,Low Risk,14.6
19,0,9853,1,1,Dropout,0.14592856000618698,Low Risk,14.59
19,0,9670,1,0,Enrolled,0.14591863669432484,Low Risk,14.59
18,0,9773,1,1,Graduate,0.14584564016031856,Low Risk,14.58
18,0,9238,1,0,Graduate,0.14579056544311225,Low Risk,14.58
18,0,9085,1,0,Graduate,0.14559421705623102,Low Risk,14.56
20,0,9085,1,0,Graduate,0.1455608547392158,Low Risk,14.56
18,1,9119,1,0,Enrolled,0.14545906625005758,Low Risk,14.55
18,0,9500,1,0,Graduate,0.14540163235323247,Low Risk,14.54
21,0,9238,1,0,Graduate,0.14539794539278128,Low Risk,14.54
20,0,9500,1,0,Graduate,0.14538492310246834,Low Risk,14.54
18,0,9238,1,0,Graduate,0.14528491364923102,Low Risk,14.53
19,1,9773,1,1,Enrolled,0.14521446348652067,Low Risk,14.52
35,0,8014,1,1,Graduate,0.14516225270681063,Low Risk,14.52
18,0,9085,1,0,Enrolled,0.14436417852898661,Low Risk,14.44
19,1,9147,1,0,Enrolled,0.14426524030444485,Low Risk,14.43
18,0,9500,1,0,Graduate,0.14421833524147237,Low Risk,14.42
20,0,9556,1,0,Enrolled,0.14421060928190965,Low Risk,14.42
18,0,9085,1,0,Graduate,0.14410375528931357,Low Risk,14.41
19,0,9773,1,0,Dropout,0.1438316014932113,Low Risk,14.38
18,0,9500,1,0,Graduate,0.14371611657680605,Low Risk,14.37
18,1,9500,1,0,Graduate,0.14367050224053074,Low Risk,14.37
19,0,9085,1,0,Graduate,0.1435958333030087,Low Risk,14.36
18,0,9238,1,0,Graduate,0.14342629798783538,Low Risk,14.34
18,0,9070,1,0,Enrolled,0.1433978720149138,Low Risk,14.34
18,0,9500,1,0,Graduate,0.14322397024269765,Low Risk,14.32
21,0,9085,1,0,Enrolled,0.14309549694492418,Low Risk,14.31
18,0,9070,1,0,Graduate,0.14307887784563322,Low Risk,14.31
21,0,8014,1,1,Graduate,0.14300385762599696,Low Risk,14.3
21,0,9500,1,0,Graduate,0.14290563802747258,Low Risk,14.29
18,0,9500,1,0,Graduate,0.14285816669503348,Low Risk,14.29
22,1,9254,1,1,Graduate,0.14280912899684667,Low Risk,14.28
21,1,9500,1,1,Enrolled,0.142765480968408,Low Risk,14.28
18,0,9773,1,0,Enrolled,0.14261734688606556,Low Risk,14.26
20,0,9500,1,0,Graduate,0.1424745539833086,Low Risk,14.25
18,0,9500,1,0,Graduate,0.1424151229843388,Low Risk,14.24
19,1,9670,1,0,Graduate,0.14220006127330329,Low Risk,14.22
18,0,9500,1,0,Graduate,0.14199577655998835,Low Risk,14.2
18,0,9085,1,1,Graduate,0.14190978948126676,Low Risk,14.19
18,0,9500,1,0,Graduate,0.14175960726242656,Low Risk,14.18
20,0,9238,1,0,Graduate,0.14175271380271146,Low Risk,14.18
18,0,9500,1,0,Graduate,0.14174887750939283,Low Risk,14.17
35,0,9991,1,0,Graduate,0.14164961805674672,Low Risk,14.16
36,0,8014,1,1,Graduate,0.14161793066073766,Low Risk,14.16
19,0,9500,1,0,Graduate,0.14154543991940144,Low Risk,14.15
20,0,9085,1,0,Graduate,0.14128078414542874,Low Risk,14.13
19,0,9500,1,0,Enrolled,0.14124405720433406,Low Risk,14.12
20,0,9238,1,0,Enrolled,0.14120003930196637,Low Risk,14.12
19,0,9670,1,1,Graduate,0.14109219072959808,Low Risk,14.11
18,0,9254,1,0,Enrolled,0.14103754945946928,Low Risk,14.1
19,0,9070,1,0,Graduate,0.14101119694469474,Low Risk,14.1
21,0,9500,1,0,Graduate,0.14094219574957148,Low Risk,14.09
18,0,9500,1,0,Graduate,0.140927273918729,Low Risk,14.09
32,0,9500,1,1,Graduate,0.14091339322284496,Low Risk,14.09
19,0,9238,1,0,Enrolled,0.14087172513711044,Low Risk,14.09
18,0,9085,1,0,Graduate,0.1406975019463368,Low Risk,14.07
19,0,9085,1,0,Graduate,0.14047283566266075,Low Risk,14.05
19,1,171,1,1,Graduate,0.1403855264680829,Low Risk,14.04
20,0,9238,1,0,Graduate,0.14027128901137978,Low Risk,14.03
18,0,9500,1,0,Graduate,0.1402151212520793,Low Risk,14.02
19,0,9070,1,1,Graduate,0.14018494208351823,Low Risk,14.02
21,0,9670,1,1,Dropout,0.14017941973114695,Low Risk,14.02
18,0,9773,1,0,Enrolled,0.13975359533924991,Low Risk,13.98
24,0,9003,1,1,Graduate,0.13938112001630704,Low Risk,13.94
24,0,9991,1,1,Graduate,0.13893739801552377,Low Risk,13.89
18,0,9254,1,0,Graduate,0.1389186477518331,Low Risk,13.89
19,0,9238,1,0,Graduate,0.13882362987107974,Low Risk,13.88
18,0,171,1,0,Graduate,0.13877434704635858,Low Risk,13.88
41,1,9991,1,1,Enrolled,0.138658588524161,Low Risk,13.87
21,1,9500,1,1,Graduate,0.13865856268629415,Low Risk,13.87
20,0,9085,1,0,Enrolled,0.13853146204535574,Low Risk,13.85
21,0,9003,1,0,Graduate,0.13851616444681145,Low Risk,13.85
22,0,9853,1,0,Enrolled,0.13846723639191114,Low Risk,13.85
18,1,9773,1,1,Graduate,0.13843065034433036,Low Risk,13.84
18,0,9773,1,0,Graduate,0.13842208266351155,Low Risk,13.84
18,0,9500,1,0,Graduate,0.13814748277796596,Low Risk,13.81
18,0,9085,1,0,Enrolled,0.13811269171173773,Low Risk,13.81
18,0,9500,1,0,Graduate,0.13810106029692581,Low Risk,13.81
34,0,9991,1,0,Graduate,0.1380343107282049,Low Risk,13.8
19,0,9238,1,0,Enrolled,0.13780530092321733,Low Risk,13.78
35,1,9991,1,1,Graduate,0.1377013951263264,Low Risk,13.77
18,0,9085,1,0,Enrolled,0.137470289381514,Low Risk,13.75
18,0,9500,1,0,Dropout,0.13712659673026134,Low Risk,13.71
18,0,9085,1,0,Graduate,0.13704493543567178,Low Risk,13.7
18,0,9500,1,1,Graduate,0.137041882373851,Low Risk,13.7
18,1,9119,1,0,Enrolled,0.1369746744095847,Low Risk,13.7
18,0,9085,1,0,Graduate,0.13691915575612715,Low Risk,13.69
19,0,9773,1,1,Dropout,0.13691411247156623,Low Risk,13.69
32,0,8014,1,1,Graduate,0.13666928390896982,Low Risk,13.67
18,0,9500,1,0,Graduate,0.136657287873115,Low Risk,13.67
19,0,9085,1,0,Graduate,0.13659736271446768,Low Risk,13.66
20,0,9500,1,0,Enrolled,0.1360884710556418,Low Risk,13.61
23,1,9070,1,1,Graduate,0.13592779490813212,Low Risk,13.59
19,0,9085,1,0,Enrolled,0.135924408964363,Low Risk,13.59
18,0,9070,1,0,Enrolled,0.13587191779818666,Low Risk,13.59
20,0,9238,1,0,Graduate,0.13585149796508308,Low Risk,13.59
20,0,171,1,0,Graduate,0.13584250651507343,Low Risk,13.58
18,0,171,1,1,Graduate,0.13573041391635152,Low Risk,13.57
18,0,9130,1,0,Graduate,0.13570446046182957,Low Risk,13.57
19,0,9003,1,0,Graduate,0.13547335155661222,Low Risk,13.55
19,1,9670,1,1,Enrolled,0.13547323383420976,Low Risk,13.55
20,0,9500,1,0,Enrolled,0.13546399173264154,Low Risk,13.55
19,1,9670,1,0,Enrolled,0.13538561921504896,Low Risk,13.54
18,0,9853,1,1,Graduate,0.13534978856062363,Low Risk,13.53
21,1,9254,1,1,Graduate,0.1352846303740708,Low Risk,13.53
18,0,9500,1,0,Graduate,0.1352540906771817,Low Risk,13.53
18,0,9500,1,0,Enrolled,0.13494619985924872,Low Risk,13.49
19,0,9670,1,0,Enrolled,0.13476850866981477,Low Risk,13.48
18,0,9147,1,0,Enrolled,0.13448099409940245,Low Risk,13.45
18,0,9500,1,0,Graduate,0.13444241382615352,Low Risk,13.44
20,0,9070,1,0,Graduate,0.13433336579509372,Low Risk,13.43
20,0,9238,1,0,Graduate,0.1342664238924679,Low Risk,13.43
34,1,9119,1,1,Enrolled,0.13425675534033232,Low Risk,13.43
20,1,9254,1,1,Graduate,0.13403000266190923,Low Risk,13.4
25,0,8014,1,0,Enrolled,0.1336116470729638,Low Risk,13.36
18,0,9500,1,0,Graduate,0.1335572859587309,Low Risk,13.36
19,0,9070,1,0,Graduate,0.1331171065013684,Low Risk,13.31
19,0,9070,1,0,Enrolled,0.13308778330248963,Low Risk,13.31
18,0,9500,1,0,Graduate,0.13307229040288523,Low Risk,13.31
20,0,9085,1,0,Enrolled,0.13307224508918078,Low Risk,13.31
32,0,8014,1,1,Graduate,0.1328787320306989,Low Risk,13.29
23,0,9085,1,1,Graduate,0.13286875339907275,Low Risk,13.29
19,0,9500,1,0,Enrolled,0.1327999216634468,Low Risk,13.28
18,1,9500,1,0,Graduate,0.1326058492338958,Low Risk,13.26
19,0,9085,1,0,Enrolled,0.13256251047311607,Low Risk,13.26
21,0,9085,1,0,Enrolled,0.13242844635304968,Low Risk,13.24
18,1,9147,1,1,Graduate,0.13227928614009796,Low Risk,13.23
18,0,9238,1,0,Graduate,0.13224207912830915,Low Risk,13.22
20,1,9500,1,0,Enrolled,0.13221313204871304,Low Risk,13.22
18,0,9085,1,0,Graduate,0.1321053593857606,Low Risk,13.21
19,0,9147,1,0,Enrolled,0.13198515627739532,Low Risk,13.2
21,1,9670,1,1,Graduate,0.13197940850022008,Low Risk,13.2
18,0,9773,1,0,Graduate,0.13187772649663143,Low Risk,13.19
18,0,9238,1,1,Graduate,0.13180425599688048,Low Risk,13.18
18,1,9119,1,0,Enrolled,0.1316282441320975,Low Risk,13.16
18,0,9085,1,0,Graduate,0.1316018264504764,Low Risk,13.16
21,0,9003,1,0,Graduate,0.13159203450469356,Low Risk,13.16
20,1,9070,1,1,Enrolled,0.13156638173801916,Low Risk,13.16
19,1,9773,1,1,Graduate,0.13156406610382604,Low Risk,13.16
20,0,9085,1,1,Graduate,0.13149723516051215,Low Risk,13.15
19,0,9147,1,0,Enrolled,0.1314418831602781,Low Risk,13.14
33,1,9500,1,1,Graduate,0.13128488803994007,Low Risk,13.13
19,0,9085,1,0,Enrolled,0.13124186531721896,Low Risk,13.12
19,0,9853,1,0,Enrolled,0.13105639514677558,Low Risk,13.11
18,0,9238,1,0,Graduate,0.13103739460210634,Low Risk,13.1
18,0,9773,1,1,Graduate,0.13096466618898042,Low Risk,13.1
18,0,9085,1,0,Enrolled,0.13095720238874164,Low Risk,13.1
20,0,171,1,1,Graduate,0.13095196928036462,Low Risk,13.1
54,1,8014,1,0,Enrolled,0.13088866933436671,Low Risk,13.09
19,1,9670,1,1,Graduate,0.13078798470065106,Low Risk,13.08
20,0,9238,1,0,Graduate,0.13071071359097175,Low Risk,13.07
19,0,9556,1,0,Enrolled,0.13068047363189364,Low Risk,13.07
27,0,8014,1,1,Graduate,0.13053116981955512,Low Risk,13.05
20,0,9500,1,0,Graduate,0.13031944726562567,Low Risk,13.03
18,0,9147,1,0,Graduate,0.12996819873843216,Low Risk,13.0
18,0,9773,1,0,Graduate,0.12984333417786806,Low Risk,12.98
20,0,9070,1,0,Graduate,0.12973231303350596,Low Risk,12.97
20,0,9085,1,0,Enrolled,0.12963703891120176,Low Risk,12.96
18,0,9500,1,0,Graduate,0.1293680285256289,Low Risk,12.94
21,0,9085,1,0,Graduate,0.12886082659380158,Low Risk,12.89
25,0,9556,1,1,Graduate,0.128849860708622,Low Risk,12.88
18,0,9147,1,0,Enrolled,0.12881454593817984,Low Risk,12.88
20,0,9085,1,0,Enrolled,0.12863433536903424,Low Risk,12.86
19,0,9773,1,1,Graduate,0.12848289730876808,Low Risk,12.85
26,0,9670,1,1,Graduate,0.12832544944151322,Low Risk,12.83
18,0,9500,1,1,Graduate,0.12829826282771012,Low Risk,12.83
19,0,171,1,1,Graduate,0.12828192306409764,Low Risk,12.83
18,0,9500,1,1,Graduate,0.12826927348189923,Low Risk,12.83
18,0,9238,1,0,Graduate,0.12822890700553702,Low Risk,12.82
19,1,9500,1,0,Enrolled,0.1282191326220672,Low Risk,12.82
19,0,9085,1,0,Graduate,0.1282029388814941,Low Risk,12.82
20,1,9254,1,1,Graduate,0.12816149423545783,Low Risk,12.82
18,0,9853,1,1,Graduate,0.1281435491989008,Low Risk,12.81
18,0,9085,1,0,Graduate,0.1279841176361264,Low Risk,12.8
18,0,9500,1,0,Enrolled,0.12774059352982828,Low Risk,12.77
18,0,9500,1,0,Graduate,0.12764489062078935,Low Risk,12.76
18,0,9773,1,1,Graduate,0.1275845632463655,Low Risk,12.76
19,0,9853,1,1,Graduate,0.1273419117237922,Low Risk,12.73
24,1,8014,1,1,Enrolled,0.12715341171417605,Low Risk,12.72
18,1,9500,1,1,Graduate,0.12714729679868966,Low Risk,12.71
20,0,9500,1,0,Graduate,0.1271471098151181,Low Risk,12.71
20,0,9773,1,1,Graduate,0.12708836305174404,Low Risk,12.71
18,0,9085,1,0,Graduate,0.1270800627469765,Low Risk,12.71
23,1,9556,1,0,Enrolled,0.12703396918437868,Low Risk,12.7
19,0,9085,1,0,Graduate,0.12693876358542483,Low Risk,12.69
18,1,171,1,1,Enrolled,0.12676625167456582,Low Risk,12.68
18,0,9500,1,0,Graduate,0.1266719544378499,Low Risk,12.67
20,0,9773,1,1,Graduate,0.12664029331868598,Low Risk,12.66
18,1,9500,1,0,Enrolled,0.12655451980490143,Low Risk,12.66
20,0,9070,1,1,Graduate,0.1265162284475383,Low Risk,12.65
23,0,9238,1,1,Graduate,0.12648300810999855,Low Risk,12.65
19,1,9119,1,1,Enrolled,0.1264369126652189,Low Risk,12.64
18,0,9147,1,0,Graduate,0.12641411390637355,Low Risk,12.64
21,0,9070,1,1,Graduate,0.12617046499485565,Low Risk,12.62
18,0,9556,1,0,Enrolled,0.1261436033380634,Low Risk,12.61
18,0,9773,1,1,Enrolled,0.12606013695824944,Low Risk,12.61
19,0,171,1,1,Graduate,0.12600514227952062,Low Risk,12.6
18,0,9070,1,0,Graduate,0.12593671725468522,Low Risk,12.59
18,0,9500,1,1,Graduate,0.1257878402965109,Low Risk,12.58
18,0,9070,1,0,Graduate,0.12567986218267496,Low Risk,12.57
20,0,9130,1,0,Enrolled,0.12553274048838237,Low Risk,12.55
21,0,9085,1,0,Enrolled,0.125481120000958,Low Risk,12.55
20,0,9500,1,1,Graduate,0.12533134380614597,Low Risk,12.53
18,0,9085,1,1,Graduate,0.1252301462946929,Low Risk,12.52
20,0,9500,1,0,Graduate,0.1252071525749397,Low Risk,12.52
33,0,8014,1,1,Graduate,0.12508323371020894,Low Risk,12.51
20,0,9085,1,1,Graduate,0.1245803102650205,Low Risk,12.46
18,1,171,1,1,Graduate,0.12428775992826292,Low Risk,12.43
18,0,171,1,0,Graduate,0.12425973383786988,Low Risk,12.43
19,0,9085,1,0,Graduate,0.1242288076538941,Low Risk,12.42
21,0,9670,1,0,Enrolled,0.12412385523481058,Low Risk,12.41
18,0,9500,1,0,Graduate,0.12383247096793272,Low Risk,12.38
25,1,9147,1,1,Graduate,0.12358572452416165,Low Risk,12.36
24,0,171,1,1,Graduate,0.12353671380725122,Low Risk,12.35
19,0,9085,1,1,Graduate,0.12348592885062513,Low Risk,12.35
18,1,9119,1,1,Enrolled,0.12342890113105597,Low Risk,12.34
18,1,9773,1,1,Graduate,0.12332551072603506,Low Risk,12.33
18,0,9085,1,0,Enrolled,0.1233124234486223,Low Risk,12.33
19,0,9500,1,0,Graduate,0.12327575795094062,Low Risk,12.33
18,0,9500,1,0,Graduate,0.1226855255914658,Low Risk,12.27
19,1,171,1,1,Enrolled,0.12250526513404668,Low Risk,12.25
19,0,9085,1,0,Graduate,0.12219172987762122,Low Risk,12.22
18,0,9773,1,1,Graduate,0.12218638565373768,Low Risk,12.22
20,0,9085,1,0,Enrolled,0.12209209810045235,Low Risk,12.21
19,0,9085,1,1,Graduate,0.12185954910154621,Low Risk,12.19
22,1,9070,1,1,Enrolled,0.1218579212712817,Low Risk,12.19
19,0,9773,1,0,Graduate,0.12157822064357457,Low Risk,12.16
18,1,9500,1,0,Graduate,0.12157263506455059,Low Risk,12.16
18,0,9085,1,0,Graduate,0.12125686842961199,Low Risk,12.13
24,0,9773,1,1,Graduate,0.12114779416140291,Low Risk,12.11
19,1,9070,1,1,Graduate,0.12106505902551469,Low Risk,12.11
18,0,9853,1,1,Dropout,0.12093639624190557,Low Risk,12.09
19,0,9070,1,1,Graduate,0.12087346576486525,Low Risk,12.09
20,1,9070,1,1,Graduate,0.12082803577635723,Low Risk,12.08
18,0,9670,1,0,Enrolled,0.12077755012626219,Low Risk,12.08
19,0,9500,1,0,Enrolled,0.12076837446135327,Low Risk,12.08
18,0,9500,1,0,Graduate,0.12073443461897658,Low Risk,12.07
32,0,9991,1,1,Graduate,0.12064825972572497,Low Risk,12.06
18,0,9500,1,0,Graduate,0.12050088983632076,Low Risk,12.05
19,0,9085,1,0,Graduate,0.12046541158991152,Low Risk,12.05
17,0,9070,1,1,Graduate,0.12036541692170565,Low Risk,12.04
20,0,9991,1,1,Graduate,0.12034144497038701,Low Risk,12.03
19,0,9500,1,0,Enrolled,0.12008739198571479,Low Risk,12.01
20,0,9500,1,1,Graduate,0.11975495164734305,Low Risk,11.98
19,0,9070,1,0,Enrolled,0.11948641942551831,Low Risk,11.95
18,0,9238,1,0,Graduate,0.11937986755750227,Low Risk,11.94
18,0,171,1,1,Graduate,0.11934193075457027,Low Risk,11.93
21,1,171,1,1,Graduate,0.11933709073099139,Low Risk,11.93
21,0,9085,1,0,Enrolled,0.1192830601161647,Low Risk,11.93
19,0,9085,1,0,Enrolled,0.1192476736886161,Low Risk,11.92
23,0,9238,1,1,Graduate,0.11919012856503859,Low Risk,11.92
20,0,9085,1,0,Enrolled,0.11906441171485238,Low Risk,11.91
23,1,9085,1,1,Graduate,0.11902626060614202,Low Risk,11.9
36,1,9670,1,1,Graduate,0.11844424806978275,Low Risk,11.84
30,0,8014,1,1,Graduate,0.1183544371493137,Low Risk,11.84
18,0,9500,1,1,Graduate,0.11832962524108005,Low Risk,11.83
20,1,9003,1,1,Enrolled,0.11789773579698716,Low Risk,11.79
22,0,9500,1,0,Graduate,0.11786825838984717,Low Risk,11.79
29,0,9238,1,1,Graduate,0.11765248524162107,Low Risk,11.77
18,0,9238,1,0,Graduate,0.11760801657444352,Low Risk,11.76
18,0,9500,1,0,Graduate,0.11746389965778471,Low Risk,11.75
18,1,9119,1,1,Graduate,0.11699303789167165,Low Risk,11.7
22,1,9147,1,1,Enrolled,0.11698952366659869,Low Risk,11.7
19,0,9238,1,1,Graduate,0.11688501963918377,Low Risk,11.69
23,0,9003,1,1,Graduate,0.11684941881469164,Low Risk,11.68
22,1,9085,1,1,Graduate,0.11618438527821773,Low Risk,11.62
21,1,9003,1,0,Graduate,0.1161230989900967,Low Risk,11.61
20,0,9130,1,1,Graduate,0.11592721081813853,Low Risk,11.59
50,0,8014,1,1,Graduate,0.11574908987374952,Low Risk,11.57
39,0,8014,1,1,Graduate,0.11568934201839814,Low Risk,11.57
20,0,9500,1,1,Graduate,0.11564323604559995,Low Risk,11.56
20,1,171,1,1,Graduate,0.1153076835109571,Low Risk,11.53
20,0,9238,1,1,Enrolled,0.11515133691001826,Low Risk,11.52
19,0,9500,1,1,Dropout,0.11513536293079629,Low Risk,11.51
18,0,9238,1,1,Enrolled,0.11498028902738154,Low Risk,11.5
18,0,9070,1,1,Enrolled,0.11483132893473008,Low Risk,11.48
20,1,9500,1,1,Graduate,0.11478325356049933,Low Risk,11.48
23,0,9085,1,0,Enrolled,0.11477721925727102,Low Risk,11.48
19,0,9238,1,1,Graduate,0.11417043404211104,Low Risk,11.42
18,0,9773,1,1,Graduate,0.11413572679629873,Low Risk,11.41
18,0,9500,1,0,Enrolled,0.11379174963776302,Low Risk,11.38
19,1,171,1,1,Enrolled,0.11357881749318809,Low Risk,11.36
21,0,9254,1,1,Graduate,0.11345885060299217,Low Risk,11.35
20,1,9670,1,0,Enrolled,0.113387706132727,Low Risk,11.34
36,0,9254,1,1,Graduate,0.11310027974303517,Low Risk,11.31
19,0,9085,1,0,Graduate,0.1130575742092519,Low Risk,11.31
18,0,9238,1,1,Graduate,0.11304207911248616,Low Risk,11.3
18,0,9500,1,0,Graduate,0.1130124593650188,Low Risk,11.3
18,0,9085,1,1,Graduate,0.11282862555786577,Low Risk,11.28
20,0,9085,1,0,Enrolled,0.11255219361856544,Low Risk,11.26
18,0,9500,1,0,Graduate,0.11213907248422025,Low Risk,11.21
21,0,9085,1,0,Enrolled,0.1118906358523239,Low Risk,11.19
21,0,9085,1,0,Enrolled,0.11146609402479622,Low Risk,11.15
19,1,171,1,1,Graduate,0.11134138761419807,Low Risk,11.13
18,0,9500,1,0,Graduate,0.11126595574142562,Low Risk,11.13
19,0,9853,1,1,Graduate,0.11113742939787678,Low Risk,11.11
18,0,171,1,1,Graduate,0.11098788971636714,Low Risk,11.1
19,1,9670,1,1,Graduate,0.11094446180460532,Low Risk,11.09
18,0,9254,1,1,Graduate,0.11055158587844711,Low Risk,11.06
23,1,9670,1,1,Graduate,0.11054891402367835,Low Risk,11.05
20,0,9003,1,0,Graduate,0.11053874187249213,Low Risk,11.05
18,0,9670,1,1,Graduate,0.11053043775069891,Low Risk,11.05
18,0,9238,1,0,Graduate,0.11047407415798437,Low Risk,11.05
19,0,9238,1,1,Graduate,0.11045910889383283,Low Risk,11.05
18,0,9500,1,0,Graduate,0.11010506689671141,Low Risk,11.01
18,0,9238,1,1,Graduate,0.10975546036144018,Low Risk,10.98
20,0,9773,1,1,Graduate,0.10970682418743644,Low Risk,10.97
26,0,9556,1,1,Enrolled,0.10947001920484069,Low Risk,10.95
20,0,9085,1,0,Graduate,0.10931615359369869,Low Risk,10.93
18,1,9119,0,1,Enrolled,0.1092513038593842,Low Risk,10.93
20,1,9254,1,0,Graduate,0.10921683039025533,Low Risk,10.92
26,0,9500,1,1,Graduate,0.10903291916234695,Low Risk,10.9
21,1,9773,1,1,Graduate,0.10874723928400477,Low Risk,10.87
35,0,9500,1,0,Enrolled,0.10874113164760464,Low Risk,10.87
39,0,8014,1,1,Graduate,0.10840550478170556,Low Risk,10.84
20,1,171,1,1,Graduate,0.10833313517927969,Low Risk,10.83
25,0,9670,1,1,Graduate,0.10822419346473612,Low Risk,10.82
19,0,9003,1,1,Graduate,0.10820625291206835,Low Risk,10.82
18,0,9500,1,0,Graduate,0.10819328650850503,Low Risk,10.82
18,0,9130,1,1,Graduate,0.10793848287099578,Low Risk,10.79
22,0,9147,1,1,Graduate,0.10778157803340721,Low Risk,10.78
22,0,9238,1,1,Graduate,0.10741184316102825,Low Risk,10.74
20,1,9773,1,1,Graduate,0.10730037897168822,Low Risk,10.73
20,1,9773,1,1,Graduate,0.10725713344175429,Low Risk,10.73
18,0,9147,1,1,Graduate,0.10724249758625622,Low Risk,10.72
22,0,9085,1,1,Graduate,0.10702218545609096,Low Risk,10.7
21,0,9500,1,0,Enrolled,0.10694368114745932,Low Risk,10.69
25,0,9500,1,1,Graduate,0.1067175041613252,Low Risk,10.67
18,0,9085,1,0,Graduate,0.10650589438924596,Low Risk,10.65
18,1,9500,1,1,Graduate,0.10634510147511533,Low Risk,10.63
20,0,9773,1,1,Graduate,0.10625422244073517,Low Risk,10.63
20,0,9130,1,1,Enrolled,0.10625194783466085,Low Risk,10.63
19,1,9147,1,1,Enrolled,0.10618400942797472,Low Risk,10.62
19,0,9085,1,0,Enrolled,0.10568426386342997,Low Risk,10.57
20,1,171,1,1,Enrolled,0.10564817543583392,Low Risk,10.56
19,0,9085,1,0,Enrolled,0.1054959461119268,Low Risk,10.55
22,1,9070,1,1,Graduate,0.10534768608508195,Low Risk,10.53
21,1,9003,1,1,Graduate,0.10531015425346489,Low Risk,10.53
18,0,171,1,1,Graduate,0.10520822303152551,Low Risk,10.52
18,0,9853,1,1,Graduate,0.10493358839995909,Low Risk,10.49
20,0,9500,1,0,Enrolled,0.10489875357892113,Low Risk,10.49
19,1,9500,1,1,Graduate,0.10460782684409642,Low Risk,10.46
18,0,9147,1,0,Graduate,0.1041740697038485,Low Risk,10.42
18,0,9500,1,0,Graduate,0.10401450320851352,Low Risk,10.4
19,0,8014,1,1,Graduate,0.10383758488080802,Low Risk,10.38
19,0,9070,1,1,Graduate,0.1035467429528001,Low Risk,10.35
26,0,8014,1,1,Enrolled,0.10348690101405963,Low Risk,10.35
18,0,9085,1,0,Graduate,0.10348405872714118,Low Risk,10.35
23,0,8014,1,1,Graduate,0.10347809684243756,Low Risk,10.35
19,0,9085,1,1,Graduate,0.103472158636897,Low Risk,10.35
21,0,9853,1,0,Enrolled,0.10333912799496933,Low Risk,10.33
18,0,9773,1,1,Graduate,0.10315042820242872,Low Risk,10.32
20,0,9070,1,1,Graduate,0.10292956490729946,Low Risk,10.29
20,1,9147,1,1,Graduate,0.10283651824262457,Low Risk,10.28
20,0,9773,1,1,Graduate,0.10281767536523448,Low Risk,10.28
18,1,9500,1,1,Graduate,0.10219078096470433,Low Risk,10.22
19,0,9500,1,0,Enrolled,0.10210885450638925,Low Risk,10.21
19,0,9500,1,1,Graduate,0.10179775353911069,Low Risk,10.18
25,0,9085,1,1,Enrolled,0.10178485892288214,Low Risk,10.18
21,0,171,1,1,Graduate,0.10161887738058228,Low Risk,10.16
19,0,9500,1,0,Enrolled,0.10149189186573804,Low Risk,10.15
19,0,9130,1,0,Graduate,0.10127292807343612,Low Risk,10.13
18,0,9773,1,1,Graduate,0.10120399172422756,Low Risk,10.12
21,0,9070,1,1,Graduate,0.10118630617324363,Low Risk,10.12
19,1,171,1,1,Graduate,0.10115603231310444,Low Risk,10.12
19,0,9853,1,1,Graduate,0.1009837241016663,Low Risk,10.1
21,1,9670,1,1,Graduate,0.10085227048192923,Low Risk,10.09
22,1,9003,1,1,Graduate,0.10061800835942358,Low Risk,10.06
18,0,9238,1,1,Graduate,0.10058551523306831,Low Risk,10.06
18,0,9147,1,1,Graduate,0.10036688754657523,Low Risk,10.04
19,0,9147,1,0,Enrolled,0.09967604472807555,Low Risk,9.97
18,0,9500,1,1,Graduate,0.09964895435610002,Low Risk,9.96
18,1,9670,1,1,Graduate,0.09963505613723793,Low Risk,9.96
18,0,9773,1,1,Graduate,0.0994778063478202,Low Risk,9.95
18,0,171,1,1,Graduate,0.09944759229341878,Low Risk,9.94
18,1,9500,1,1,Graduate,0.09933275015186084,Low Risk,9.93
19,1,9254,1,1,Enrolled,0.09897046000198823,Low Risk,9.9
18,0,9130,1,1,Enrolled,0.09896602672360266,Low Risk,9.9
20,0,9147,1,1,Graduate,0.09880528667116621,Low Risk,9.88
31,0,9991,1,1,Enrolled,0.0986852329969417,Low Risk,9.87
22,0,9773,1,1,Graduate,0.09865122103975563,Low Risk,9.87
18,1,171,1,1,Graduate,0.0986272288177915,Low Risk,9.86
18,1,9500,1,1,Graduate,0.09859948556303152,Low Risk,9.86
21,0,9147,1,0,Graduate,0.09850196798106334,Low Risk,9.85
18,0,9070,1,1,Graduate,0.0984618881157011,Low Risk,9.85
19,1,9500,1,1,Graduate,0.09845893978667318,Low Risk,9.85
19,0,9238,1,1,Graduate,0.09836466620675159,Low Risk,9.84
18,1,9119,0,1,Enrolled,0.09811816157502849,Low Risk,9.81
18,1,9773,1,1,Graduate,0.09780446958576276,Low Risk,9.78
18,1,9070,1,1,Graduate,0.09780291598751938,Low Risk,9.78
21,1,9003,1,1,Graduate,0.09762234516482982,Low Risk,9.76
19,1,171,1,1,Graduate,0.09756367561846326,Low Risk,9.76
21,0,9085,1,1,Graduate,0.09753834836244163,Low Risk,9.75
20,0,9085,1,0,Enrolled,0.09734149882390862,Low Risk,9.73
24,0,8014,1,1,Graduate,0.09725350024422309,Low Risk,9.73
20,1,9070,1,1,Enrolled,0.09720130434272557,Low Risk,9.72
18,1,9773,1,1,Graduate,0.09710823831945467,Low Risk,9.71
19,0,9853,1,1,Enrolled,0.09700515669059359,Low Risk,9.7
27,0,9085,1,0,Graduate,0.09700011699017798,Low Risk,9.7
19,0,9500,1,1,Graduate,0.09691981585999283,Low Risk,9.69
19,0,9500,1,1,Graduate,0.0967123263264232,Low Risk,9.67
18,0,9238,1,1,Graduate,0.09660867002377138,Low Risk,9.66
21,1,9070,1,1,Graduate,0.09657482417479442,Low Risk,9.66
19,0,9500,1,1,Graduate,0.09643802056149132,Low Risk,9.64
20,0,9500,1,1,Graduate,0.09619027622155527,Low Risk,9.62
19,1,9070,1,1,Graduate,0.09617876751730216,Low Risk,9.62
20,0,9238,1,1,Graduate,0.09589809217013799,Low Risk,9.59
19,0,9238,1,1,Graduate,0.09578055717668849,Low Risk,9.58
20,0,9003,1,0,Graduate,0.09571905228008096,Low Risk,9.57
25,0,9500,1,1,Graduate,0.09564741697266627,Low Risk,9.56
21,0,9238,1,0,Enrolled,0.09550431340538894,Low Risk,9.55
19,1,9773,1,1,Graduate,0.0954905376002686,Low Risk,9.55
20,1,9003,1,1,Graduate,0.09530463818050898,Low Risk,9.53
21,0,9556,1,1,Graduate,0.09489136392571049,Low Risk,9.49
20,1,9119,1,1,Enrolled,0.09484790042963183,Low Risk,9.48
23,0,9991,1,0,Enrolled,0.09474868263963937,Low Risk,9.47
18,1,9130,1,1,Graduate,0.09439646893304268,Low Risk,9.44
19,0,9670,1,1,Graduate,0.09436625594400336,Low Risk,9.44
20,0,9254,1,1,Graduate,0.09419930286658378,Low Risk,9.42
23,1,171,1,1,Graduate,0.09405731119215002,Low Risk,9.41
18,0,171,1,1,Graduate,0.09368490428732429,Low Risk,9.37
22,0,9500,1,1,Graduate,0.09358377711714588,Low Risk,9.36
32,0,9500,1,1,Graduate,0.09347749687257059,Low Risk,9.35
21,1,9147,1,1,Enrolled,0.09346675570085329,Low Risk,9.35
20,0,9085,1,1,Graduate,0.09342048200976547,Low Risk,9.34
19,1,9500,1,1,Graduate,0.09338338268827169,Low Risk,9.34
19,0,9500,1,1,Graduate,0.0933226107396709,Low Risk,9.33
19,0,9238,1,1,Graduate,0.09329616880506353,Low Risk,9.33
18,0,9670,1,1,Graduate,0.09312231648476357,Low Risk,9.31
19,0,9853,1,1,Graduate,0.09304974614648669,Low Risk,9.3
18,1,171,1,1,Graduate,0.0929115573313957,Low Risk,9.29
20,0,9773,1,1,Graduate,0.09270153229828966,Low Risk,9.27
19,0,9147,1,0,Enrolled,0.09262366711317918,Low Risk,9.26
18,0,9070,1,1,Enrolled,0.09257939146226941,Low Risk,9.26
19,0,9500,1,1,Graduate,0.09253567181605761,Low Risk,9.25
18,0,9238,1,1,Graduate,0.09215881393516943,Low Risk,9.22
19,0,9238,1,1,Enrolled,0.09183689502698847,Low Risk,9.18
19,0,9773,1,1,Graduate,0.09183295311578259,Low Risk,9.18
18,0,9853,1,1,Enrolled,0.09179130029973927,Low Risk,9.18
18,0,9773,1,1,Graduate,0.09177510586649176,Low Risk,9.18
18,0,9147,1,1,Graduate,0.09175771905183647,Low Risk,9.18
26,1,9003,1,0,Enrolled,0.09171788576387048,Low Risk,9.17
18,0,9147,1,1,Graduate,0.09162053768336885,Low Risk,9.16
20,0,9556,1,0,Enrolled,0.09151831863566821,Low Risk,9.15
19,0,171,1,1,Graduate,0.09118353253558281,Low Risk,9.12
21,1,9500,1,0,Enrolled,0.09098354031627162,Low Risk,9.1
18,0,9500,1,1,Graduate,0.09095690447960722,Low Risk,9.1
19,0,9500,1,1,Graduate,0.09093029630215056,Low Risk,9.09
19,0,9500,1,1,Graduate,0.0908318616787799,Low Risk,9.08
29,0,8014,1,1,Graduate,0.09077880949983819,Low Risk,9.08
20,1,9119,1,0,Enrolled,0.0904325595485619,Low Risk,9.04
18,0,9853,1,1,Graduate,0.0901961472915778,Low Risk,9.02
19,0,9238,1,1,Graduate,0.09016348389460017,Low Risk,9.02
19,0,9238,1,1,Graduate,0.08985301794293885,Low Risk,8.99
18,0,9147,1,1,Graduate,0.08975443584683387,Low Risk,8.98
30,0,9147,1,0,Enrolled,0.0896467709504187,Low Risk,8.96
39,0,9670,1,1,Graduate,0.08936798924650069,Low Risk,8.94
19,0,9147,1,1,Enrolled,0.0893479091307291,Low Risk,8.93
20,1,171,1,1,Graduate,0.08930964291136004,Low Risk,8.93
19,0,9556,1,1,Graduate,0.08926665949745208,Low Risk,8.93
18,0,9670,1,1,Enrolled,0.08898769367203332,Low Risk,8.9
18,0,9500,1,1,Graduate,0.08890944544980935,Low Risk,8.89
19,0,9853,1,1,Graduate,0.08886770107711808,Low Risk,8.89
23,0,9500,1,1,Graduate,0.08876969111032934,Low Risk,8.88
20,1,9003,1,1,Enrolled,0.08871586512646623,Low Risk,8.87
18,0,9773,1,1,Graduate,0.08867071132065704,Low Risk,8.87
18,0,9238,1,1,Graduate,0.0886138593721872,Low Risk,8.86
19,0,9238,1,1,Graduate,0.08855859419350555,Low Risk,8.86
18,0,9773,1,1,Graduate,0.0883788663309635,Low Risk,8.84
23,1,9254,1,0,Enrolled,0.08834354988803002,Low Risk,8.83
38,0,9991,1,1,Enrolled,0.08831221453901891,Low Risk,8.83
21,0,9500,1,0,Enrolled,0.08813466228913719,Low Risk,8.81
21,0,8014,1,1,Graduate,0.08813449614687464,Low Risk,8.81
18,0,9500,1,1,Graduate,0.08792393025701165,Low Risk,8.79
18,1,9147,1,1,Enrolled,0.08781999032029969,Low Risk,8.78
19,0,9853,1,1,Graduate,0.08778557822631339,Low Risk,8.78
19,0,9254,1,1,Graduate,0.08762731389680928,Low Risk,8.76
18,0,9254,1,1,Graduate,0.08754452192084268,Low Risk,8.75
18,0,9500,1,1,Graduate,0.08745914322938987,Low Risk,8.75
19,0,9773,1,1,Graduate,0.08742018501379448,Low Risk,8.74
20,1,9070,1,1,Graduate,0.08718727175227957,Low Risk,8.72
43,0,8014,1,1,Graduate,0.08712110318913625,Low Risk,8.71
20,0,9254,1,1,Graduate,0.08708842645521478,Low Risk,8.71
19,1,9500,1,1,Enrolled,0.08704303733245553,Low Risk,8.7
18,0,9085,1,1,Graduate,0.08695672289293253,Low Risk,8.7
18,0,9238,1,1,Graduate,0.08672144302642677,Low Risk,8.67
21,0,9238,1,1,Graduate,0.08665198175392724,Low Risk,8.67
27,1,9003,1,0,Enrolled,0.08649544943653409,Low Risk,8.65
21,0,9070,1,1,Graduate,0.08643656639745453,Low Risk,8.64
19,0,9130,1,1,Graduate,0.0863492648603698,Low Risk,8.63
20,1,9500,1,1,Graduate,0.08568253880055596,Low Risk,8.57
18,0,9070,1,1,Graduate,0.08567317051238349,Low Risk,8.57
20,0,9238,1,1,Graduate,0.08544799434339859,Low Risk,8.54
20,0,9238,1,1,Graduate,0.08541703471963244,Low Risk,8.54
19,0,9773,1,1,Enrolled,0.08521357652491346,Low Risk,8.52
19,0,9773,1,1,Graduate,0.08504590601210629,Low Risk,8.5
18,0,9773,1,1,Graduate,0.08500130234806838,Low Risk,8.5
19,1,9670,1,1,Graduate,0.0849245553371341,Low Risk,8.49
19,1,9070,1,1,Enrolled,0.08483097670357519,Low Risk,8.48
18,0,171,1,1,Dropout,0.08478155191310237,Low Risk,8.48
19,0,9556,1,1,Dropout,0.0847683913878489,Low Risk,8.48
21,0,9070,1,1,Graduate,0.08462390496423886,Low Risk,8.46
19,0,9238,1,1,Graduate,0.08451731887433464,Low Risk,8.45
18,0,9500,1,1,Graduate,0.0843050360490443,Low Risk,8.43
18,0,9500,1,1,Graduate,0.08428601441660744,Low Risk,8.43
21,0,9085,1,1,Graduate,0.08427417764205833,Low Risk,8.43
18,1,9773,1,1,Graduate,0.08416634424550815,Low Risk,8.42
19,0,9500,1,1,Graduate,0.08415025157606902,Low Risk,8.42
41,0,8014,1,1,Graduate,0.08385059452467158,Low Risk,8.39
21,0,9147,1,1,Graduate,0.08380501241147212,Low Risk,8.38
20,1,9070,1,1,Graduate,0.08369799187383282,Low Risk,8.37
18,0,9773,1,1,Graduate,0.08368337530170916,Low Risk,8.37
18,0,9670,1,1,Graduate,0.08365547077847035,Low Risk,8.37
20,0,9147,1,1,Graduate,0.08359260589704107,Low Risk,8.36
18,1,9147,1,1,Enrolled,0.08354919441582867,Low Risk,8.35
19,0,9773,1,1,Graduate,0.08342094503463082,Low Risk,8.34
20,1,9119,1,0,Enrolled,0.0834156118032312,Low Risk,8.34
18,1,9500,1,1,Graduate,0.08325430086425711,Low Risk,8.33
18,0,9500,1,1,Graduate,0.08321265513036703,Low Risk,8.32
24,0,8014,1,1,Graduate,0.08315927135293041,Low Risk,8.32
19,0,9670,1,1,Enrolled,0.08315500982566247,Low Risk,8.32
18,0,9254,1,1,Graduate,0.08298440197885097,Low Risk,8.3
22,0,9773,1,1,Graduate,0.08292585516345162,Low Risk,8.29
18,0,9085,1,1,Graduate,0.08287477742758954,Low Risk,8.29
22,0,9556,1,1,Graduate,0.08277644411603036,Low Risk,8.28
19,1,9773,1,1,Graduate,0.08276051708284721,Low Risk,8.28
20,0,9500,1,1,Dropout,0.0825185057272559,Low Risk,8.25
48,0,8014,1,1,Enrolled,0.08217734628453316,Low Risk,8.22
19,0,9500,1,1,Graduate,0.08209745505262885,Low Risk,8.21
30,1,9500,1,0,Enrolled,0.08198049060729082,Low Risk,8.2
18,0,9238,1,1,Enrolled,0.08177126385866379,Low Risk,8.18
24,1,9003,1,1,Graduate,0.08144983306768408,Low Risk,8.14
18,1,9254,1,1,Enrolled,0.08139415414485321,Low Risk,8.14
20,0,9773,1,1,Enrolled,0.0813208157336629,Low Risk,8.13
18,0,9147,1,1,Graduate,0.08131377417426172,Low Risk,8.13
21,1,9556,1,1,Enrolled,0.08116261003061642,Low Risk,8.12
18,0,9147,1,1,Graduate,0.08092583377052182,Low Risk,8.09
21,0,9085,1,1,Graduate,0.08083803423116777,Low Risk,8.08
18,0,9085,1,1,Graduate,0.08080359241492296,Low Risk,8.08
19,0,9500,1,1,Graduate,0.08079987873524401,Low Risk,8.08
18,0,9070,1,1,Graduate,0.08071801755364208,Low Risk,8.07
19,0,9500,1,1,Graduate,0.08063750535906047,Low Risk,8.06
19,0,9238,1,1,Graduate,0.08055378526465948,Low Risk,8.06
19,0,9500,1,1,Graduate,0.08053947957994688,Low Risk,8.05
18,0,9238,1,1,Graduate,0.08048542820536259,Low Risk,8.05
18,0,9853,1,1,Graduate,0.0804173275454531,Low Risk,8.04
18,0,9254,1,1,Graduate,0.08006440423011983,Low Risk,8.01
18,1,9670,1,1,Graduate,0.0798546814825624,Low Risk,7.99
18,1,9670,1,1,Graduate,0.07981803001079234,Low Risk,7.98
21,0,9003,1,0,Graduate,0.0794191849542523,Low Risk,7.94
19,0,9500,1,1,Graduate,0.07929605010589148,Low Risk,7.93
18,0,9773,1,1,Graduate,0.07890885714874886,Low Risk,7.89
19,0,9500,1,1,Graduate,0.07879809993891221,Low Risk,7.88
19,0,9773,1,1,Graduate,0.07879124699399302,Low Risk,7.88
21,0,9085,1,1,Graduate,0.07878767804245573,Low Risk,7.88
21,0,8014,1,1,Graduate,0.07862406603831301,Low Risk,7.86
19,0,171,1,1,Graduate,0.0783070424578764,Low Risk,7.83
21,0,9238,1,1,Graduate,0.07826768883933677,Low Risk,7.83
18,0,9500,1,1,Graduate,0.07826412821740253,Low Risk,7.83
20,0,9238,1,1,Enrolled,0.07824624191053976,Low Risk,7.82
18,0,9500,1,1,Graduate,0.07812426131261223,Low Risk,7.81
18,0,9853,1,1,Enrolled,0.07788569001792381,Low Risk,7.79
19,0,9254,1,1,Graduate,0.07788507951795785,Low Risk,7.79
28,0,9085,1,0,Enrolled,0.0775314927355557,Low Risk,7.75
20,0,9147,1,1,Enrolled,0.07740286945839493,Low Risk,7.74
21,0,9085,1,1,Graduate,0.07715304533034735,Low Risk,7.72
20,0,9147,1,1,Graduate,0.07711581044946453,Low Risk,7.71
20,0,9670,1,1,Graduate,0.07709041579477585,Low Risk,7.71
19,1,9670,1,0,Enrolled,0.07707985318916637,Low Risk,7.71
19,0,9670,1,1,Graduate,0.07700632833688625,Low Risk,7.7
19,0,9070,1,1,Graduate,0.0769843265948989,Low Risk,7.7
19,0,9500,1,1,Graduate,0.07695785857371154,Low Risk,7.7
21,0,9147,1,1,Graduate,0.07687207830040638,Low Risk,7.69
19,0,9238,1,1,Graduate,0.07678939907030592,Low Risk,7.68
18,0,9070,1,1,Graduate,0.07668567925178668,Low Risk,7.67
18,0,9500,1,1,Enrolled,0.07661868085866602,Low Risk,7.66
20,0,9147,1,1,Graduate,0.07660346176909603,Low Risk,7.66
19,0,9238,1,1,Graduate,0.0765058742983532,Low Risk,7.65
18,0,9500,1,1,Graduate,0.07642448059231773,Low Risk,7.64
20,0,9670,1,1,Graduate,0.07614898121958731,Low Risk,7.61
18,0,9670,1,1,Graduate,0.07611029492017356,Low Risk,7.61
19,0,9500,1,1,Graduate,0.07574125715267752,Low Risk,7.57
20,0,9670,1,1,Graduate,0.07571582681629564,Low Risk,7.57
18,1,9500,1,1,Graduate,0.0756571230046778,Low Risk,7.57
21,0,9238,1,1,Graduate,0.0754689579536538,Low Risk,7.55
19,0,9773,1,1,Graduate,0.07541548154043655,Low Risk,7.54
24,1,9003,1,0,Enrolled,0.0752515947111952,Low Risk,7.53
20,0,9773,1,1,Graduate,0.07511616537417769,Low Risk,7.51
20,0,9238,1,1,Graduate,0.07503045407807747,Low Risk,7.5
22,0,9070,1,1,Graduate,0.07502754935841868,Low Risk,7.5
22,1,9147,1,1,Graduate,0.07496220600688798,Low Risk,7.5
20,0,9254,1,1,Graduate,0.07485095329872256,Low Risk,7.49
18,0,9556,1,1,Graduate,0.07471427297811473,Low Risk,7.47
19,0,9500,1,1,Graduate,0.07466513543856518,Low Risk,7.47
21,0,9773,1,1,Graduate,0.07460750699153225,Low Risk,7.46
18,0,9500,1,1,Graduate,0.07448451762861898,Low Risk,7.45
19,0,9085,1,1,Graduate,0.07441265627962113,Low Risk,7.44
35,0,9991,1,1,Enrolled,0.07429702290451334,Low Risk,7.43
20,0,9853,1,1,Graduate,0.07410950551912487,Low Risk,7.41
18,1,9773,1,1,Graduate,0.07408525018666651,Low Risk,7.41
18,0,9147,1,1,Graduate,0.07407145818845484,Low Risk,7.41
19,1,9254,1,1,Graduate,0.07403145095008391,Low Risk,7.4
19,0,9500,1,1,Graduate,0.07378424155582661,Low Risk,7.38
20,0,9070,1,1,Graduate,0.07365298994380759,Low Risk,7.37
20,1,9670,1,1,Graduate,0.07353509213023382,Low Risk,7.35
18,0,9238,1,1,Graduate,0.07339752080246367,Low Risk,7.34
20,0,9500,1,1,Graduate,0.07333254205956147,Low Risk,7.33
19,0,9238,1,1,Graduate,0.07324660351737042,Low Risk,7.32
19,0,9070,1,1,Graduate,0.0729711525586126,Low Risk,7.3
20,0,9070,1,1,Graduate,0.07296152998933537,Low Risk,7.3
19,0,9670,1,1,Enrolled,0.0729182316291516,Low Risk,7.29
20,0,9238,1,1,Graduate,0.0726783271025625,Low Risk,7.27
20,1,9670,1,1,Graduate,0.07258174785894757,Low Risk,7.26
18,0,9254,1,1,Dropout,0.07252362558423935,Low Risk,7.25
19,1,171,1,1,Graduate,0.07244916621782974,Low Risk,7.24
18,0,9500,1,1,Dropout,0.0723147548493833,Low Risk,7.23
19,0,9147,1,1,Graduate,0.07228722441070484,Low Risk,7.23
18,0,9238,1,1,Graduate,0.07224085154175144,Low Risk,7.22
19,0,9500,1,1,Graduate,0.0719391027209438,Low Risk,7.19
18,0,9773,1,1,Graduate,0.07193902256324511,Low Risk,7.19
19,0,9085,1,1,Enrolled,0.0718413789964951,Low Risk,7.18
20,0,9853,1,1,Graduate,0.07167393409800725,Low Risk,7.17
18,0,9147,1,1,Graduate,0.07163100091382728,Low Risk,7.16
20,0,9500,1,1,Graduate,0.0715433085751664,Low Risk,7.15
19,0,9773,1,1,Graduate,0.07139099044008586,Low Risk,7.14
20,0,9500,1,1,Graduate,0.07134735396622507,Low Risk,7.13
18,0,9147,1,1,Graduate,0.07134237169512377,Low Risk,7.13
18,0,9773,1,1,Graduate,0.07133386003089927,Low Risk,7.13
21,0,9500,1,1,Graduate,0.07130874142334459,Low Risk,7.13
19,1,9003,1,1,Enrolled,0.07119934924854061,Low Risk,7.12
18,0,9500,1,1,Graduate,0.07119586067812197,Low Risk,7.12
19,0,9147,1,1,Enrolled,0.07102945669977746,Low Risk,7.1
19,0,9238,1,1,Graduate,0.07102718618254267,Low Risk,7.1
19,0,9500,1,1,Enrolled,0.0709909513084269,Low Risk,7.1
19,0,9085,1,1,Graduate,0.07093334124600813,Low Risk,7.09
18,0,9500,1,1,Graduate,0.07085691991466994,Low Risk,7.09
19,0,9670,1,1,Dropout,0.07080421386706151,Low Risk,7.08
18,0,9147,1,1,Graduate,0.0706066959499737,Low Risk,7.06
19,0,9147,1,1,Graduate,0.0706005769418601,Low Risk,7.06
20,0,9070,1,1,Graduate,0.07059501174205804,Low Risk,7.06
19,1,9773,1,1,Graduate,0.0705856234942715,Low Risk,7.06
19,0,9773,1,1,Graduate,0.07057505620788539,Low Risk,7.06
19,0,9085,1,1,Graduate,0.07052827269205995,Low Risk,7.05
18,0,9670,1,1,Graduate,0.07037621878393785,Low Risk,7.04
18,0,9670,1,1,Graduate,0.07028016836703402,Low Risk,7.03
20,0,9070,1,1,Graduate,0.07026360730766887,Low Risk,7.03
18,0,9500,1,1,Graduate,0.07026012453023706,Low Risk,7.03
18,0,9147,1,1,Graduate,0.07025214302892406,Low Risk,7.03
18,0,9147,1,1,Enrolled,0.07006539265930774,Low Risk,7.01
18,0,9254,1,1,Graduate,0.07002044403648558,Low Risk,7.0
20,0,9070,1,1,Graduate,0.0700126466969608,Low Risk,7.0
39,0,8014,1,1,Graduate,0.06972703831651851,Low Risk,6.97
18,0,9500,1,1,Graduate,0.06968904975361627,Low Risk,6.97
18,0,9085,1,1,Graduate,0.0696138671758179,Low Risk,6.96
19,0,9147,1,1,Enrolled,0.06900388777777826,Low Risk,6.9
19,0,9500,1,1,Graduate,0.06894818873263837,Low Risk,6.89
38,0,8014,1,1,Graduate,0.06890901569405022,Low Risk,6.89
18,1,9500,1,1,Graduate,0.06890240975386533,Low Risk,6.89
18,0,9670,1,1,Graduate,0.06870950849342748,Low Risk,6.87
22,0,9500,1,1,Graduate,0.06870340501606281,Low Risk,6.87
21,0,9500,1,1,Graduate,0.0686689542092933,Low Risk,6.87
19,0,9500,1,1,Graduate,0.06864527031958417,Low Risk,6.86
18,0,9853,1,1,Graduate,0.06843818280109222,Low Risk,6.84
19,0,9500,1,1,Graduate,0.06843355206441747,Low Risk,6.84
19,0,9500,1,1,Graduate,0.06829457690904829,Low Risk,6.83
19,0,9500,1,1,Graduate,0.0682801171279966,Low Risk,6.83
19,0,9085,1,1,Graduate,0.06827345853736415,Low Risk,6.83
18,0,9070,1,1,Graduate,0.06827138088921532,Low Risk,6.83
22,1,9500,1,1,Graduate,0.06818328873722845,Low Risk,6.82
20,0,9500,1,1,Graduate,0.06816915353953489,Low Risk,6.82
26,0,9991,1,1,Enrolled,0.0679597402793442,Low Risk,6.8
18,0,9773,1,1,Graduate,0.06794614370476447,Low Risk,6.79
20,0,9085,1,1,Graduate,0.06794393334372631,Low Risk,6.79
21,0,9500,1,1,Graduate,0.06790193757467619,Low Risk,6.79
18,0,9254,1,1,Graduate,0.06790116212711002,Low Risk,6.79
18,0,9238,1,1,Graduate,0.06777838221038611,Low Risk,6.78
20,0,9085,1,1,Graduate,0.06773037269387466,Low Risk,6.77
19,1,9500,1,1,Graduate,0.06726786868250663,Low Risk,6.73
20,0,9500,1,1,Graduate,0.06709836024090944,Low Risk,6.71
28,0,9991,1,1,Enrolled,0.0670483672031872,Low Risk,6.7
19,1,9773,1,1,Graduate,0.06703403732704223,Low Risk,6.7
19,0,9500,1,1,Graduate,0.0670149473085151,Low Risk,6.7
20,1,9238,1,1,Graduate,0.06692936481932547,Low Risk,6.69
18,0,9773,1,1,Graduate,0.06679351172202176,Low Risk,6.68
20,0,9238,1,1,Graduate,0.06671919046657078,Low Risk,6.67
18,0,9500,1,1,Enrolled,0.06670467173450532,Low Risk,6.67
21,0,9773,1,1,Graduate,0.06670450857899805,Low Risk,6.67
18,0,9500,1,1,Graduate,0.06670086873395462,Low Risk,6.67
20,0,9003,1,1,Graduate,0.06668614132825856,Low Risk,6.67
19,0,9500,1,1,Graduate,0.06633620708508957,Low Risk,6.63
18,0,9773,1,1,Graduate,0.06633506244457343,Low Risk,6.63
19,0,9500,1,1,Graduate,0.06630139226598063,Low Risk,6.63
19,0,9119,1,0,Enrolled,0.06596357926775005,Low Risk,6.6
19,0,9238,1,1,Graduate,0.06595076694650014,Low Risk,6.6
18,1,9773,1,1,Graduate,0.06587046540164312,Low Risk,6.59
18,0,9254,1,1,Graduate,0.06584840218334938,Low Risk,6.58
18,0,9238,1,1,Graduate,0.06580116786886722,Low Risk,6.58
20,0,9500,1,1,Graduate,0.06576733293830327,Low Risk,6.58
18,0,9773,1,1,Graduate,0.06574001473063615,Low Risk,6.57
23,0,9991,1,1,Graduate,0.06569797977934601,Low Risk,6.57
18,0,9500,1,1,Graduate,0.0656746236583828,Low Risk,6.57
19,0,9853,1,1,Graduate,0.06560185472185767,Low Risk,6.56
20,0,9238,1,1,Graduate,0.06553577895678482,Low Risk,6.55
18,0,9500,1,1,Graduate,0.0653829841027909,Low Risk,6.54
19,1,9254,1,1,Graduate,0.06537771406349982,Low Risk,6.54
21,0,9147,1,1,Graduate,0.0653411261080482,Low Risk,6.53
19,0,9670,1,1,Graduate,0.06532880910420258,Low Risk,6.53
19,0,9238,1,1,Graduate,0.06513908138822001,Low Risk,6.51
19,0,9500,1,1,Enrolled,0.0650956146881977,Low Risk,6.51
20,0,9147,1,1,Graduate,0.06479520273551027,Low Risk,6.48
18,1,9500,1,1,Graduate,0.06464556442610794,Low Risk,6.46
20,0,9853,1,1,Enrolled,0.06450690012111428,Low Risk,6.45
20,0,9500,1,1,Graduate,0.06448360107283437,Low Risk,6.45
20,0,9853,1,1,Graduate,0.06448036629868324,Low Risk,6.45
19,0,9238,1,1,Enrolled,0.06439286330156992,Low Risk,6.44
19,0,9500,1,1,Graduate,0.06411687664079008,Low Risk,6.41
19,0,9500,1,1,Graduate,0.0638034080359028,Low Risk,6.38
21,1,171,1,1,Graduate,0.06376808176992717,Low Risk,6.38
21,0,9238,1,1,Graduate,0.06375889466728603,Low Risk,6.38
21,0,9500,1,1,Graduate,0.0636867037842696,Low Risk,6.37
19,0,9500,1,1,Graduate,0.06367880309100049,Low Risk,6.37
19,0,9238,1,1,Graduate,0.06367072905939167,Low Risk,6.37
19,0,9500,1,1,Graduate,0.06348104407194238,Low Risk,6.35
20,0,9238,1,1,Graduate,0.06347079841823852,Low Risk,6.35
20,0,9085,1,1,Graduate,0.06325169171153495,Low Risk,6.33
19,0,9238,1,1,Graduate,0.06318409611961241,Low Risk,6.32
19,0,9500,1,1,Graduate,0.06316003484303169,Low Risk,6.32
20,0,9238,1,1,Graduate,0.06310500060943053,Low Risk,6.31
53,0,9238,1,1,Graduate,0.06303678529773897,Low Risk,6.3
19,0,9556,1,1,Graduate,0.06299604974702383,Low Risk,6.3
19,1,9147,1,1,Graduate,0.06293851063157822,Low Risk,6.29
18,1,9500,1,1,Graduate,0.06293824408374873,Low Risk,6.29
21,0,9500,1,1,Graduate,0.06280217536220851,Low Risk,6.28
18,0,9238,1,1,Graduate,0.06266844280995454,Low Risk,6.27
18,0,9500,1,1,Graduate,0.0626349701869182,Low Risk,6.26
21,0,9238,1,1,Enrolled,0.06242594676714458,Low Risk,6.24
19,1,9500,1,1,Graduate,0.0624004088882898,Low Risk,6.24
19,0,9670,1,1,Graduate,0.06239512589962666,Low Risk,6.24
18,0,9500,1,1,Graduate,0.062306108077640816,Low Risk,6.23
20,0,9147,1,1,Graduate,0.06222951392618186,Low Risk,6.22
19,0,9500,1,1,Graduate,0.062087913949377176,Low Risk,6.21
20,0,9500,1,1,Graduate,0.06185567650946923,Low Risk,6.19
19,0,9500,1,1,Graduate,0.061760455810123724,Low Risk,6.18
19,0,9254,1,1,Graduate,0.061683353204976824,Low Risk,6.17
19,0,9238,1,1,Graduate,0.06153718272512627,Low Risk,6.15
19,0,9500,1,1,Graduate,0.06152997800779959,Low Risk,6.15
20,0,9085,1,1,Graduate,0.06142816265240901,Low Risk,6.14
19,0,9238,1,1,Graduate,0.061423951949240926,Low Risk,6.14
18,0,9500,1,1,Graduate,0.06135640848923628,Low Risk,6.14
20,0,9500,1,1,Graduate,0.06114278807604137,Low Risk,6.11
18,0,9147,1,1,Graduate,0.06107369613540753,Low Risk,6.11
18,0,9147,1,1,Graduate,0.06048615514619415,Low Risk,6.05
22,1,9070,1,1,Graduate,0.06009909249470967,Low Risk,6.01
18,0,9238,1,1,Graduate,0.06003177907080677,Low Risk,6.0
38,0,8014,1,1,Graduate,0.05986161339783842,Low Risk,5.99
24,0,9500,1,1,Enrolled,0.059832915146114926,Low Risk,5.98
19,0,9238,1,1,Graduate,0.05968340510443133,Low Risk,5.97
20,0,9254,1,1,Graduate,0.05966575376374608,Low Risk,5.97
20,0,9238,1,1,Graduate,0.059528497190412574,Low Risk,5.95
19,0,9085,1,1,Graduate,0.0594503249446253,Low Risk,5.95
19,0,9500,1,1,Graduate,0.05939328976171863,Low Risk,5.94
18,0,9670,1,1,Graduate,0.05936307924383559,Low Risk,5.94
18,0,9238,1,1,Graduate,0.05924466916431481,Low Risk,5.92
18,0,9500,1,1,Graduate,0.05922641224021618,Low Risk,5.92
18,0,9500,1,1,Graduate,0.059157782543967065,Low Risk,5.92
18,0,9500,1,1,Graduate,0.0590352049359616,Low Risk,5.9
19,0,9500,1,1,Graduate,0.058978345415924074,Low Risk,5.9
18,0,9670,1,1,Graduate,0.058932479180280196,Low Risk,5.89
19,0,9147,1,1,Graduate,0.05888601554277564,Low Risk,5.89
22,0,9085,1,1,Graduate,0.058874624187322984,Low Risk,5.89
19,0,9500,1,1,Enrolled,0.05872489641898042,Low Risk,5.87
18,0,9238,1,1,Graduate,0.058597417887390764,Low Risk,5.86
18,0,9500,1,1,Graduate,0.058466993099176495,Low Risk,5.85
19,0,9070,1,1,Graduate,0.05846657818726056,Low Risk,5.85
20,0,9670,1,1,Graduate,0.058451301346176134,Low Risk,5.85
18,0,9500,1,1,Graduate,0.05843301406791857,Low Risk,5.84
20,0,9070,1,1,Graduate,0.058347463076784636,Low Risk,5.83
18,0,9500,1,1,Graduate,0.05825869210656307,Low Risk,5.83
20,0,9238,1,1,Graduate,0.058128911719870176,Low Risk,5.81
19,0,9147,1,1,Graduate,0.05809668415244753,Low Risk,5.81
19,0,9773,1,1,Graduate,0.05804640484924078,Low Risk,5.8
19,0,9254,1,1,Graduate,0.057818138574033194,Low Risk,5.78
19,0,9500,1,1,Graduate,0.057804172050991885,Low Risk,5.78
18,0,9500,1,1,Enrolled,0.05772735686035798,Low Risk,5.77
18,0,9238,1,1,Graduate,0.05754707406619216,Low Risk,5.75
19,0,9085,1,1,Graduate,0.057478666789540354,Low Risk,5.75
20,0,9070,1,1,Enrolled,0.057436931578042937,Low Risk,5.74
24,0,9254,1,1,Graduate,0.05729678633446136,Low Risk,5.73
19,0,9500,1,1,Graduate,0.05728520208993298,Low Risk,5.73
21,0,171,1,1,Graduate,0.05725543943486659,Low Risk,5.73
20,0,9238,1,1,Graduate,0.05721510187897032,Low Risk,5.72
18,0,9556,1,1,Graduate,0.057194990829700164,Low Risk,5.72
19,0,9500,1,1,Graduate,0.056949771306783185,Low Risk,5.69
18,0,9147,1,1,Graduate,0.05687383849405443,Low Risk,5.69
18,0,9500,1,1,Graduate,0.05663300009552561,Low Risk,5.66
19,0,9500,1,1,Graduate,0.05658097227625654,Low Risk,5.66
18,0,9500,1,1,Graduate,0.056454104904404674,Low Risk,5.65
23,0,9070,1,1,Graduate,0.05638338886412352,Low Risk,5.64
18,0,9670,1,1,Enrolled,0.056327011847522084,Low Risk,5.63
18,0,9085,1,1,Graduate,0.0562868408114468,Low Risk,5.63
20,0,9070,1,1,Graduate,0.056222214716038464,Low Risk,5.62
19,0,9500,1,1,Graduate,0.056009090913683425,Low Risk,5.6
19,0,9500,1,1,Enrolled,0.05599085008803763,Low Risk,5.6
19,0,9853,1,1,Graduate,0.05592612279774779,Low Risk,5.59
18,0,9238,1,1,Graduate,0.05574452287913794,Low Risk,5.57
21,0,9238,1,1,Enrolled,0.05571713847490582,Low Risk,5.57
18,0,9500,1,1,Graduate,0.055669641239408076,Low Risk,5.57
18,0,9670,1,1,Enrolled,0.05560391652777503,Low Risk,5.56
20,0,9500,1,1,Enrolled,0.05539280361058581,Low Risk,5.54
18,0,9238,1,1,Graduate,0.055386713001878786,Low Risk,5.54
20,0,9556,1,1,Graduate,0.05523666669310653,Low Risk,5.52
22,0,9254,1,1,Graduate,0.055169483169759205,Low Risk,5.52
19,0,9147,1,1,Graduate,0.055156056915408105,Low Risk,5.52
20,0,9670,1,1,Graduate,0.05477733094428654,Low Risk,5.48
22,0,9500,1,1,Graduate,0.054742044589936006,Low Risk,5.47
19,0,9500,1,1,Graduate,0.05466969186529514,Low Risk,5.47
20,0,9500,1,1,Graduate,0.05450721980464886,Low Risk,5.45
20,0,9238,1,1,Graduate,0.05446021046621132,Low Risk,5.45
19,0,9070,1,1,Graduate,0.0544499499577851,Low Risk,5.44
19,0,9500,1,1,Graduate,0.054381585334914294,Low Risk,5.44
19,1,9773,1,1,Graduate,0.05422015659131129,Low Risk,5.42
18,0,9254,1,1,Graduate,0.054105789024267666,Low Risk,5.41
19,0,9254,1,1,Graduate,0.05398206425473246,Low Risk,5.4
18,0,9254,1,1,Dropout,0.05394198378010092,Low Risk,5.39
20,1,9003,1,1,Graduate,0.053912232324199484,Low Risk,5.39
18,0,9147,1,1,Graduate,0.05388171629825778,Low Risk,5.39
18,0,9085,1,1,Graduate,0.0537769276346362,Low Risk,5.38
19,0,9500,1,1,Graduate,0.0537313193466335,Low Risk,5.37
20,0,171,1,1,Graduate,0.053516545515209304,Low Risk,5.35
19,0,9070,1,1,Graduate,0.053471448340555505,Low Risk,5.35
18,0,9500,1,1,Graduate,0.05342944877205699,Low Risk,5.34
19,0,9070,1,1,Graduate,0.05326470900883369,Low Risk,5.33
19,0,9147,1,1,Graduate,0.05322537453522272,Low Risk,5.32
21,0,9238,1,1,Graduate,0.05310036142036139,Low Risk,5.31
20,0,9500,1,1,Graduate,0.05299850894215493,Low Risk,5.3
18,0,9500,1,1,Enrolled,0.05290139410993727,Low Risk,5.29
18,0,9556,1,1,Graduate,0.05285433705790869,Low Risk,5.29
18,0,9500,1,1,Enrolled,0.05281624472311542,Low Risk,5.28
19,0,9500,1,1,Graduate,0.05280913094917344,Low Risk,5.28
18,0,9500,1,1,Graduate,0.052689117214442645,Low Risk,5.27
19,0,9500,1,1,Graduate,0.05245459961014228,Low Risk,5.25
21,0,9254,1,1,Graduate,0.052328484249983355,Low Risk,5.23
18,1,9500,1,1,Graduate,0.052275053830872366,Low Risk,5.23
20,0,9238,1,1,Graduate,0.05213718742708189,Low Risk,5.21
18,0,9147,1,1,Graduate,0.052137142445590055,Low Risk,5.21
19,0,9238,1,1,Graduate,0.05193496443808219,Low Risk,5.19
21,1,9773,1,1,Graduate,0.05187424977505618,Low Risk,5.19
19,0,9238,1,1,Graduate,0.05173033465012518,Low Risk,5.17
18,0,9500,1,1,Graduate,0.051701009723050265,Low Risk,5.17
20,0,9085,1,1,Graduate,0.051695713138036246,Low Risk,5.17
18,0,9500,1,1,Graduate,0.051504692347503864,Low Risk,5.15
18,0,171,1,1,Enrolled,0.05124976665309217,Low Risk,5.12
18,0,9254,1,1,Graduate,0.05122849773161305,Low Risk,5.12
21,0,9500,1,1,Graduate,0.05114281935638988,Low Risk,5.11
18,0,9670,1,1,Graduate,0.05104942859167645,Low Risk,5.1
20,0,9500,1,1,Graduate,0.05083681988852579,Low Risk,5.08
19,0,9500,1,1,Graduate,0.050623636940332464,Low Risk,5.06
18,0,9500,1,1,Graduate,0.05048451568505018,Low Risk,5.05
18,0,9085,1,1,Graduate,0.050328395755840305,Low Risk,5.03
18,0,9500,1,1,Graduate,0.05028626947159714,Low Risk,5.03
18,0,9238,1,1,Graduate,0.050266352130496024,Low Risk,5.03
20,0,9254,1,1,Graduate,0.05024916925324852,Low Risk,5.02
20,0,9500,1,1,Graduate,0.050241525166338924,Low Risk,5.02
18,0,9853,1,1,Graduate,0.05010048904935765,Low Risk,5.01
18,1,9773,1,1,Graduate,0.05007959178253955,Low Risk,5.01
18,0,9670,1,1,Graduate,0.05006679425658905,Low Risk,5.01
19,0,9238,1,1,Graduate,0.04998988721849247,Low Risk,5.0
18,0,9500,1,1,Graduate,0.049830948997428966,Low Risk,4.98
17,0,9500,1,1,Graduate,0.04943355300557178,Low Risk,4.94
20,0,9238,1,1,Graduate,0.049336758518056925,Low Risk,4.93
18,0,9773,1,1,Graduate,0.04922722843793863,Low Risk,4.92
18,0,9254,1,1,Graduate,0.04870148329811698,Low Risk,4.87
19,0,9500,1,1,Graduate,0.04865088170154259,Low Risk,4.87
20,0,9238,1,1,Graduate,0.048584730916483417,Low Risk,4.86
18,0,9500,1,1,Graduate,0.0485187262905071,Low Risk,4.85
19,0,9556,1,1,Graduate,0.048486277762576045,Low Risk,4.85
21,0,9238,1,1,Enrolled,0.048480691077302844,Low Risk,4.85
19,0,9500,1,1,Graduate,0.048380812591967935,Low Risk,4.84
21,0,9254,1,1,Graduate,0.04835483663479756,Low Risk,4.84
19,0,9500,1,1,Graduate,0.048349318373176194,Low Risk,4.83
19,0,9670,1,1,Graduate,0.04822118224652122,Low Risk,4.82
18,0,9500,1,1,Graduate,0.04806740034922284,Low Risk,4.81
18,0,9500,1,1,Graduate,0.04806603091203693,Low Risk,4.81
18,0,9254,1,1,Graduate,0.04801192386864726,Low Risk,4.8
19,0,9147,1,1,Enrolled,0.047878415716416246,Low Risk,4.79
18,0,9238,1,1,Graduate,0.04784313145976102,Low Risk,4.78
18,0,9254,1,1,Graduate,0.04777748636750935,Low Risk,4.78
21,0,9238,1,1,Graduate,0.04746328848081341,Low Risk,4.75
19,0,9147,1,1,Enrolled,0.04729447547038587,Low Risk,4.73
18,0,9556,1,1,Graduate,0.047163460540495916,Low Risk,4.72
18,0,9500,1,1,Graduate,0.047126702765919,Low Risk,4.71
20,0,9254,1,1,Enrolled,0.0470427481770182,Low Risk,4.7
18,0,9147,1,1,Enrolled,0.04701118882123798,Low Risk,4.7
18,0,9500,1,1,Graduate,0.04690809941839483,Low Risk,4.69
19,0,9500,1,1,Graduate,0.04688826462343071,Low Risk,4.69
19,0,9773,1,1,Graduate,0.046505504624828706,Low Risk,4.65
20,0,9500,1,1,Graduate,0.04645819665372518,Low Risk,4.65
18,0,9773,1,1,Graduate,0.04616305612223202,Low Risk,4.62
20,0,9254,1,1,Graduate,0.0461246036477652,Low Risk,4.61
19,0,9500,1,1,Graduate,0.04600406500928031,Low Risk,4.6
21,0,9500,1,1,Graduate,0.04564399786997655,Low Risk,4.56
18,0,9500,1,1,Graduate,0.04561841124965071,Low Risk,4.56
18,0,9238,1,1,Graduate,0.04561597504002581,Low Risk,4.56
18,0,9500,1,1,Enrolled,0.04550982741754662,Low Risk,4.55
18,0,9500,1,1,Graduate,0.04544646379825947,Low Risk,4.54
19,0,9238,1,1,Graduate,0.04541919510245331,Low Risk,4.54
19,0,9500,1,1,Graduate,0.04537740868126982,Low Risk,4.54
22,0,9254,1,1,Graduate,0.04534979234157818,Low Risk,4.53
18,0,9254,1,1,Graduate,0.045255621927429684,Low Risk,4.53
20,0,9254,1,1,Graduate,0.04525443373455264,Low Risk,4.53
18,0,9500,1,1,Graduate,0.04523947988738871,Low Risk,4.52
18,0,9147,1,1,Graduate,0.045029766529979615,Low Risk,4.5
18,0,9238,1,1,Graduate,0.0448539960220672,Low Risk,4.49
20,0,9500,1,1,Graduate,0.04479449517103698,Low Risk,4.48
25,0,9500,1,1,Enrolled,0.04461435930850165,Low Risk,4.46
19,0,9500,1,1,Graduate,0.04460528503052731,Low Risk,4.46
19,0,9500,1,1,Graduate,0.04452831180032299,Low Risk,4.45
18,0,9238,1,1,Graduate,0.04450264736637159,Low Risk,4.45
20,0,9238,1,1,Graduate,0.04421818168218921,Low Risk,4.42
19,0,9500,1,1,Graduate,0.04419332033744338,Low Risk,4.42
19,0,9254,1,1,Graduate,0.044119470454059416,Low Risk,4.41
18,0,9238,1,1,Graduate,0.04410576779717211,Low Risk,4.41
19,0,9500,1,1,Graduate,0.04407488272618196,Low Risk,4.41
21,0,9670,1,1,Graduate,0.04407403673101384,Low Risk,4.41
19,0,9254,1,1,Graduate,0.04400431976725719,Low Risk,4.4
18,0,9773,1,1,Graduate,0.04395925258947306,Low Risk,4.4
21,0,9003,1,1,Graduate,0.04386151287829086,Low Risk,4.39
18,0,9500,1,1,Graduate,0.04383292023735366,Low Risk,4.38
19,0,9500,1,1,Graduate,0.043558810230372697,Low Risk,4.36
18,0,9500,1,1,Graduate,0.043551523568887265,Low Risk,4.36
18,0,9238,1,1,Graduate,0.043481126665919544,Low Risk,4.35
18,0,9500,1,1,Graduate,0.04306900817950807,Low Risk,4.31
18,0,9070,1,1,Graduate,0.042917101006740906,Low Risk,4.29
18,0,9500,1,1,Graduate,0.042903812099263326,Low Risk,4.29
20,0,9500,1,1,Graduate,0.04289665643286095,Low Risk,4.29
21,0,9238,1,1,Enrolled,0.042739476334007154,Low Risk,4.27
18,0,9254,1,1,Graduate,0.042614182211367646,Low Risk,4.26
19,0,9556,1,1,Graduate,0.042485312775829294,Low Risk,4.25
18,0,9238,1,1,Graduate,0.04239760415765669,Low Risk,4.24
22,0,9500,1,1,Graduate,0.04234318701741828,Low Risk,4.23
18,0,9556,1,1,Graduate,0.04220716125753397,Low Risk,4.22
20,0,9500,1,1,Enrolled,0.041486199756199466,Low Risk,4.15
18,0,9238,1,1,Graduate,0.04120333336033406,Low Risk,4.12
18,0,9773,1,1,Graduate,0.04116232591219176,Low Risk,4.12
21,0,8014,1,1,Graduate,0.041132598082745386,Low Risk,4.11
18,0,9070,1,1,Enrolled,0.04109735681968429,Low Risk,4.11
22,0,9070,1,1,Graduate,0.041085272188926124,Low Risk,4.11
18,0,9238,1,1,Graduate,0.040997850405871984,Low Risk,4.1
18,0,9556,1,1,Graduate,0.04080027440878665,Low Risk,4.08
20,0,9500,1,1,Graduate,0.040550100482081713,Low Risk,4.06
19,0,9254,1,1,Graduate,0.04039597840137202,Low Risk,4.04
19,0,9500,1,1,Graduate,0.0403726792967297,Low Risk,4.04
19,0,9500,1,1,Graduate,0.03983235593352496,Low Risk,3.98
18,0,9500,1,1,Graduate,0.03977616274820975,Low Risk,3.98
19,0,9773,1,1,Graduate,0.03969520914941903,Low Risk,3.97
22,0,9147,1,1,Graduate,0.039587879338396186,Low Risk,3.96
18,0,9500,1,1,Graduate,0.039450285015584195,Low Risk,3.95
20,0,9500,1,1,Graduate,0.039316050846962144,Low Risk,3.93
18,0,9238,1,1,Graduate,0.03913274896343754,Low Risk,3.91
19,0,9238,1,1,Graduate,0.039072674254564725,Low Risk,3.91
19,0,9238,1,1,Graduate,0.03906976013566053,Low Risk,3.91
19,0,9500,1,1,Graduate,0.03899965812105058,Low Risk,3.9
18,0,9500,1,1,Graduate,0.03883066898934384,Low Risk,3.88
19,0,9085,1,1,Graduate,0.03873088662884426,Low Risk,3.87
18,0,9500,1,1,Graduate,0.038710307746354644,Low Risk,3.87
18,0,9773,1,1,Graduate,0.03871020002649792,Low Risk,3.87
18,0,9238,1,1,Graduate,0.03858587042707126,Low Risk,3.86
20,0,9238,1,1,Graduate,0.03852767762258141,Low Risk,3.85
20,1,9670,1,1,Graduate,0.03833816394739152,Low Risk,3.83
19,0,9238,1,1,Graduate,0.038203118476520366,Low Risk,3.82
21,0,9238,1,1,Graduate,0.03809571505891543,Low Risk,3.81
20,0,9238,1,1,Graduate,0.03808122101614161,Low Risk,3.81
22,0,9238,1,1,Graduate,0.03806585689737313,Low Risk,3.81
19,0,9500,1,1,Graduate,0.03803236122895937,Low Risk,3.8
18,0,9500,1,1,Graduate,0.03801546750967732,Low Risk,3.8
18,0,9500,1,1,Graduate,0.037887625108970875,Low Risk,3.79
19,0,9238,1,1,Graduate,0.03785413328383293,Low Risk,3.79
20,0,9500,1,1,Enrolled,0.037813390242127036,Low Risk,3.78
19,0,9500,1,1,Graduate,0.03754271690566505,Low Risk,3.75
20,0,9254,1,1,Enrolled,0.03743146880427672,Low Risk,3.74
18,0,9500,1,1,Graduate,0.03708904735358896,Low Risk,3.71
18,0,9500,1,1,Graduate,0.036866611131421506,Low Risk,3.69
19,0,9238,1,1,Graduate,0.036778970018792885,Low Risk,3.68
19,0,9853,1,1,Graduate,0.036530760619523116,Low Risk,3.65
18,0,9147,1,1,Graduate,0.03650971786098106,Low Risk,3.65
20,0,9556,1,1,Graduate,0.03644642213425445,Low Risk,3.64
18,0,9238,1,1,Graduate,0.03641066947856374,Low Risk,3.64
18,0,9500,1,1,Graduate,0.03613133394091308,Low Risk,3.61
22,0,9238,1,1,Graduate,0.035850693764984363,Low Risk,3.59
18,0,9238,1,1,Graduate,0.035734725943141005,Low Risk,3.57
18,0,9500,1,1,Graduate,0.03568123758076798,Low Risk,3.57
18,0,9500,1,1,Graduate,0.03567727699229088,Low Risk,3.57
18,0,9254,1,1,Graduate,0.03557346669374324,Low Risk,3.56
19,0,9238,1,1,Graduate,0.03538554574070495,Low Risk,3.54
20,0,9254,1,1,Enrolled,0.03536515118160618,Low Risk,3.54
19,0,9500,1,1,Enrolled,0.03521282451966527,Low Risk,3.52
19,0,9500,1,1,Graduate,0.03516425460681898,Low Risk,3.52
18,0,9500,1,1,Graduate,0.035150870176528605,Low Risk,3.52
18,0,9238,1,1,Graduate,0.034997650945060334,Low Risk,3.5
19,0,9500,1,1,Graduate,0.03487903193505331,Low Risk,3.49
20,0,9556,1,1,Graduate,0.034251488772187144,Low Risk,3.43
18,0,9254,1,1,Enrolled,0.03424144655567212,Low Risk,3.42
19,0,9500,1,1,Graduate,0.03400680515550134,Low Risk,3.4
19,0,9147,1,1,Graduate,0.03381623239333098,Low Risk,3.38
21,0,9238,1,1,Graduate,0.03361662265636269,Low Risk,3.36
21,0,9254,1,1,Graduate,0.033590235342831225,Low Risk,3.36
18,0,9500,1,1,Graduate,0.03336782400376804,Low Risk,3.34
19,0,9254,1,1,Graduate,0.03314908108740675,Low Risk,3.31
20,0,9500,1,1,Graduate,0.03306689738787302,Low Risk,3.31
19,0,9238,1,1,Graduate,0.032981352632872225,Low Risk,3.3
18,0,9500,1,1,Enrolled,0.03281517007911749,Low Risk,3.28
19,0,9500,1,1,Graduate,0.03251779914692258,Low Risk,3.25
19,0,9500,1,1,Graduate,0.03242980846101131,Low Risk,3.24
18,0,9238,1,1,Graduate,0.03220894371075645,Low Risk,3.22
21,0,9500,1,1,Graduate,0.032165511274385,Low Risk,3.22
19,0,9500,1,1,Graduate,0.03164847706354528,Low Risk,3.16
19,0,9238,1,1,Graduate,0.03133739140849958,Low Risk,3.13
18,0,9500,1,1,Graduate,0.030950760065677513,Low Risk,3.1
20,0,9238,1,1,Enrolled,0.030677376798471576,Low Risk,3.07
19,0,9500,1,1,Graduate,0.030553124916646572,Low Risk,3.06
19,0,9500,1,1,Graduate,0.030267051420229004,Low Risk,3.03
19,0,9500,1,1,Graduate,0.030009160724353084,Low Risk,3.0
20,0,9238,1,1,Graduate,0.029935403414004174,Low Risk,2.99
19,0,9500,1,1,Enrolled,0.029385640676234528,Low Risk,2.94
19,0,9238,1,1,Enrolled,0.028702419963358622,Low Risk,2.87
20,0,9500,1,1,Enrolled,0.028662947191937686,Low Risk,2.87
19,0,9670,1,1,Graduate,0.028357191032155744,Low Risk,2.84
18,0,9238,1,1,Graduate,0.028039764269353416,Low Risk,2.8
18,0,9500,1,1,Graduate,0.028034283101569732,Low Risk,2.8
21,0,9070,1,1,Graduate,0.02786856366211747,Low Risk,2.79
20,0,9254,1,1,Enrolled,0.02767442319946737,Low Risk,2.77
18,0,9500,1,1,Graduate,0.027502454162062824,Low Risk,2.75
19,0,9500,1,1,Graduate,0.027053099994073494,Low Risk,2.71
18,0,9500,1,1,Enrolled,0.02697459468457066,Low Risk,2.7
19,0,9500,1,1,Graduate,0.02683114162685594,Low Risk,2.68
18,0,9500,1,1,Graduate,0.02676094385852741,Low Risk,2.68
18,0,9500,1,1,Graduate,0.0265502421612532,Low Risk,2.66
18,0,9238,1,1,Graduate,0.026545410961822603,Low Risk,2.65
18,0,9500,1,1,Graduate,0.026290998008294188,Low Risk,2.63
18,0,9500,1,1,Graduate,0.026136916154641598,Low Risk,2.61
19,0,9238,1,1,Graduate,0.026003083785411548,Low Risk,2.6
19,0,9500,1,1,Graduate,0.02578766427657904,Low Risk,2.58
19,0,9238,1,1,Graduate,0.025494351507225097,Low Risk,2.55
19,0,9238,1,1,Graduate,0.0250096881830417,Low Risk,2.5
18,0,9500,1,1,Graduate,0.02485323354601376,Low Risk,2.49
19,0,9238,1,1,Graduate,0.02473694800266878,Low Risk,2.47
18,0,9500,1,1,Graduate,0.02462406300571808,Low Risk,2.46
19,0,9500,1,1,Enrolled,0.024514375794444637,Low Risk,2.45
19,0,9500,1,1,Graduate,0.024344863663761065,Low Risk,2.43
19,0,9500,1,1,Graduate,0.023203165751647107,Low Risk,2.32
18,0,9500,1,1,Graduate,0.022755371466280188,Low Risk,2.28
20,0,9500,1,1,Enrolled,0.022431986533247444,Low Risk,2.24
18,0,9500,1,1,Graduate,0.02173765246539863,Low Risk,2.17
18,0,9500,1,1,Graduate,0.020664994810953536,Low Risk,2.07
18,0,9500,1,1,Graduate,0.019743393414492653,Low Risk,1.97
